price,lotSize,age,landValue,livingArea,pctCollege,bedrooms,fireplaces,bathrooms,rooms,heating,fuel,sewer,waterfront,newConstruction,centralAir,hasfireplace
20000,0.52,59,8000,936,20,2,0,1,4,hot air,oil,septic,No,No,No,0
339000,0.36,3,83600,2000,57,3,1,2.5,5,hot air,gas,public/commercial,No,No,Yes,1
125000,0.13,20,18300,924,63,2,0,1,6,electric,electric,public/commercial,No,No,No,0
168000,0.4,149,28000,1776,64,3,0,2,8,hot air,oil,septic,No,No,No,0
154300,0.42,61,14700,1260,82,3,0,1,8,hot water/steam,gas,septic,No,No,No,0
178000,0.17,18,18700,1302,64,2,0,1.5,4,electric,electric,public/commercial,No,No,Yes,0
224400,5,17,24100,1008,40,2,0,1,5,electric,electric,septic,No,No,No,0
112000,1,15,24500,1080,35,3,0,2,4,electric,electric,septic,No,No,No,0
179000,0.25,11,8300,1456,54,3,0,1,8,hot air,gas,public/commercial,No,No,Yes,0
138000,0.83,16,3700,1851,44,3,1,2.5,8,hot air,gas,septic,No,No,Yes,1
239900,0.7,15,69400,2488,64,4,1,2.5,7,electric,electric,public/commercial,No,No,Yes,1
160000,0.45,35,32300,1575,64,3,1,1.5,7,hot air,gas,public/commercial,No,No,No,1
355840,0.87,0,108900,3259,40,4,1,2.5,10,hot air,gas,public/commercial,No,Yes,No,1
225000,0.11,84,87000,1320,57,3,1,1.5,6,hot air,oil,public/commercial,No,No,No,1
289250,0.42,14,28500,2560,64,4,1,2.5,12,hot water/steam,oil,septic,No,No,No,1
144000,0.06,54,3600,1344,54,5,0,1,8,electric,electric,public/commercial,No,No,No,0
203000,0.04,19,25600,1216,62,2,1,2,4,hot air,gas,public/commercial,No,No,Yes,1
260000,0.34,42,27100,1803,61,4,0,1.5,6,hot water/steam,gas,septic,No,No,No,0
428500,0.42,4,87200,3243,57,4,0,2.5,11,hot air,gas,public/commercial,No,No,Yes,0
186000,0.08,18,20400,1512,64,2,1,1.5,7,hot air,gas,public/commercial,No,No,Yes,1
155000,0.29,23,19500,1375,64,2,0,1.5,4,hot air,gas,public/commercial,No,No,No,0
415000,0.58,9,86400,3358,64,4,1,3.5,12,hot air,gas,public/commercial,No,No,Yes,1
144200,1.19,16,17900,1290,62,3,0,2,5,hot water/steam,oil,septic,No,No,No,0
107500,0.16,20,15700,884,52,2,0,2,3,hot water/steam,gas,public/commercial,No,No,No,0
319000,0.5,5,40200,1681,57,3,1,2.5,4,hot air,gas,public/commercial,Yes,No,Yes,1
280000,0.1,79,85000,1488,57,4,0,1.5,5,hot air,gas,public/commercial,No,No,No,0
148635,0.32,1,6200,1576,39,3,0,2.5,7,hot air,gas,septic,No,Yes,Yes,0
140000,0.48,34,57800,1431,57,3,0,1.5,5,hot air,gas,public/commercial,No,No,No,0
206000,0.1,17,5100,1610,36,3,0,2,8,hot air,gas,septic,No,No,No,0
496000,0.34,3,82400,3467,57,4,1,2.5,11,hot air,gas,public/commercial,No,No,Yes,1
210000,0.51,11,26900,1320,63,3,0,2,8,hot air,gas,public/commercial,No,No,No,0
211000,1,18,31800,1404,63,3,0,1,6,hot air,gas,none,No,No,Yes,0
321000,0.53,11,38800,2399,63,4,1,2.5,11,hot air,gas,public/commercial,No,No,Yes,1
168500,0.44,34,31800,1586,64,3,1,1.5,7,hot air,gas,public/commercial,No,No,No,1
314940,0.37,0,108900,2715,40,4,1,3,10,hot air,gas,public/commercial,No,Yes,No,1
105000,0.16,165,7200,1759,35,3,0,1,5,hot air,gas,public/commercial,No,No,No,0
295000,0.01,9,28400,1760,64,3,1,2.5,5,hot air,gas,public/commercial,No,No,No,1
162800,0.15,10,28500,1247,64,3,0,1.5,7,hot air,gas,public/commercial,No,No,No,0
270000,0.33,16,48800,1991,62,3,1,2.5,6,hot air,gas,public/commercial,No,No,Yes,1
198500,0.4,34,53000,1326,57,3,1,1.5,7,hot air,gas,public/commercial,No,No,Yes,1
335000,0.92,16,32700,2274,64,4,1,2.5,10,hot water/steam,gas,septic,No,No,Yes,1
310000,4,20,14000,2208,36,4,1,2,10,hot water/steam,gas,septic,No,No,No,1
189900,0.12,17,16800,1343,64,2,1,2.5,6,hot air,gas,public/commercial,No,No,Yes,1
142000,0.14,8,3700,1840,23,3,0,1,7,hot air,gas,public/commercial,No,No,No,0
122055,0.15,17,15000,1385,54,2,0,1.5,5,electric,electric,public/commercial,No,No,No,0
229900,0.37,26,23800,1966,61,3,0,1.5,7,hot water/steam,gas,public/commercial,No,No,No,0
245900,0.19,0,20700,2394,71,4,1,2.5,7,hot air,gas,none,No,No,Yes,1
359000,0.48,4,37100,3204,63,4,1,2.5,9,hot air,gas,public/commercial,No,No,Yes,1
375000,0.31,32,143200,2752,62,4,1,2.5,10,hot air,gas,public/commercial,No,No,Yes,1
174900,0.34,50,19000,1272,52,3,1,1.5,5,hot water/steam,gas,septic,No,No,No,1
420000,1.14,6,82100,3279,63,4,1,3,11,hot air,gas,public/commercial,No,No,Yes,1
297065,0.45,1,108900,2722,40,4,0,3,9,hot air,gas,public/commercial,No,Yes,No,0
127000,0.2,77,3400,1232,38,3,1,1,8,hot air,gas,public/commercial,No,No,No,1
199900,0.24,9,28000,1462,64,3,0,2.5,7,hot air,gas,public/commercial,No,No,No,0
193777,0.72,11,3200,1547,44,3,0,2,8,hot air,gas,septic,No,No,No,0
349900,0.62,7,57800,2900,64,4,1,2.5,11,hot air,gas,public/commercial,No,No,Yes,1
107000,1.03,20,20100,1268,57,3,1,1,6,hot air,gas,septic,No,No,No,1
192000,0.94,33,25200,1974,63,4,1,2.5,8,hot water/steam,gas,septic,No,No,No,1
239000,0.41,41,25400,2310,64,4,1,2.5,7,hot water/steam,gas,public/commercial,No,No,No,1
161000,0.23,32,48200,1272,57,3,0,1.5,8,hot air,gas,public/commercial,No,No,No,0
300000,0.7,15,40000,2358,64,4,0,2.5,7,hot air,gas,public/commercial,No,No,No,0
164000,0.68,16,19900,1774,54,4,0,2,7,hot air,gas,public/commercial,No,No,No,0
150000,0.58,36,13300,1368,54,3,1,1,4,hot air,gas,septic,No,No,No,1
559000,0.24,55,255000,3090,57,4,2,4,12,hot water/steam,gas,public/commercial,No,No,Yes,1
302000,0.72,5,27200,1888,57,3,1,2.5,9,hot air,gas,septic,No,No,No,1
125000,1,128,16200,864,57,3,0,1,6,hot air,oil,septic,No,No,No,0
261000,0.57,14,43200,2462,63,4,1,2.5,10,hot air,gas,public/commercial,No,No,Yes,1
169480,0.24,30,49100,1368,62,3,0,1,5,hot air,gas,public/commercial,No,No,No,0
157500,1.96,29,39700,1608,71,3,1,1.5,5,hot air,oil,septic,No,No,No,1
163255,0.09,25,15100,1602,40,2,1,1.5,3,hot air,gas,public/commercial,No,No,Yes,1
200136,0.15,0,54000,1632,57,3,1,2.5,7,hot air,gas,public/commercial,No,No,Yes,1
304065,0.34,1,108900,2670,40,4,1,3,8,hot air,gas,public/commercial,No,Yes,No,1
207000,0.48,25,57800,2327,57,3,1,1.5,10,hot water/steam,gas,public/commercial,No,No,No,1
210000,0.17,93,55800,2396,57,4,1,1.5,11,hot air,gas,public/commercial,No,No,No,1
120000,0.89,14,19300,1684,38,4,0,1.5,5,electric,electric,septic,No,No,No,0
161800,0.34,41,3500,960,36,3,0,1,7,hot air,gas,septic,No,No,No,0
255000,0.33,17,27000,2012,40,3,1,3,6,electric,electric,public/commercial,No,No,No,1
267000,0.07,14,48200,1744,57,3,1,2.5,9,hot air,gas,public/commercial,No,No,Yes,1
166500,0.1,115,49500,812,62,2,0,1,4,hot air,gas,public/commercial,No,No,No,0
162740,0.07,21,16800,1480,64,3,1,1.5,8,hot air,gas,public/commercial,No,No,No,1
167000,0.11,80,50400,1050,57,2,0,1,6,hot water/steam,gas,public/commercial,No,No,No,0
215000,0.46,25,13800,1918,62,3,0,2,8,hot air,gas,septic,No,No,No,0
317500,0.54,19,30200,1650,61,3,1,2,4,hot air,gas,public/commercial,No,No,Yes,1
188095,0.15,0,36000,2057,57,3,1,2.5,9,hot air,gas,public/commercial,No,No,Yes,1
309750,0.07,15,48200,1744,62,3,1,2.5,5,hot air,gas,public/commercial,No,No,Yes,1
215000,0.5,15,37000,1917,64,4,1,2.5,9,hot air,gas,public/commercial,No,No,No,1
289900,0.3,0,35800,2376,52,4,1,2.5,10,hot air,gas,public/commercial,No,No,No,1
150000,0.15,14,21000,1232,64,2,1,1.5,5,hot air,gas,public/commercial,No,No,No,1
139000,2.84,55,60200,1536,64,2,1,1,7,hot water/steam,gas,septic,No,No,No,1
120000,0.16,18,15100,1184,52,3,0,2,5,electric,electric,public/commercial,No,No,No,0
217000,0.69,20,35500,1797,64,4,0,2,9,electric,electric,septic,No,No,No,0
101000,0.87,30,8700,1056,51,3,1,2,8,hot air,gas,septic,No,No,No,1
199100,0.14,13,18400,1352,63,2,1,1.5,5,hot air,gas,public/commercial,No,No,Yes,1
342269,0.39,1,108900,2641,40,4,1,3,9,hot air,gas,public/commercial,No,Yes,No,1
225000,0.95,15,11200,1652,62,3,0,2,7,electric,electric,septic,No,No,No,0
209000,0.55,14,3000,1716,36,4,0,2,6,hot air,oil,septic,No,No,Yes,0
229000,0.55,11,7500,2124,38,4,0,3,10,hot water/steam,gas,septic,No,No,No,0
325000,0.08,115,81000,1598,57,3,0,1.5,6,hot water/steam,gas,public/commercial,No,No,No,0
397200,0.46,1,3200,3250,64,4,1,3,12,hot air,gas,public/commercial,No,Yes,Yes,1
49387,0.48,56,31800,900,77,2,1,1,5,hot air,oil,septic,No,No,No,1
124500,0.19,21,18900,945,63,2,0,1,3,electric,electric,public/commercial,No,No,No,0
203000,0.43,14,13500,1796,40,3,1,2.5,8,hot air,gas,public/commercial,No,No,Yes,1
122500,0.14,15,3200,1480,54,3,1,1.5,4,hot air,gas,public/commercial,No,No,Yes,1
290000,0.46,22,48000,2030,64,4,1,2.5,10,hot air,gas,public/commercial,No,No,Yes,1
239900,0.42,30,23200,2259,63,4,1,2.5,11,hot water/steam,gas,public/commercial,No,No,Yes,1
180000,0.41,17,25400,2228,64,3,1,2.5,7,hot water/steam,gas,public/commercial,No,No,No,1
172000,0.46,30,26300,1599,64,4,1,2.5,5,hot water/steam,gas,public/commercial,No,No,No,1
91900,0.35,20,12000,1336,57,2,1,1.5,5,electric,electric,septic,No,No,Yes,1
285000,0.32,28,35000,2380,64,4,1,1.5,10,electric,electric,public/commercial,No,No,Yes,1
249000,0.66,19,53000,2217,63,4,1,2.5,8,hot air,gas,public/commercial,No,No,Yes,1
320000,0.55,33,50300,2212,64,4,1,2.5,9,hot air,gas,public/commercial,No,No,Yes,1
145000,0.47,12,10700,1040,36,3,0,1,5,hot air,gas,septic,No,No,Yes,0
330000,0.12,73,89000,1421,57,3,0,1.5,5,hot water/steam,gas,public/commercial,No,No,No,0
167000,0.25,32,50000,1286,57,3,0,1,8,hot air,gas,public/commercial,No,No,No,0
115900,0.15,16,15100,1385,52,2,0,1.5,4,electric,electric,public/commercial,No,No,No,0
104900,0.43,21,5600,1600,39,3,0,1.5,4,electric,electric,public/commercial,No,No,No,0
155000,1,15,5000,1440,50,3,0,1,4,hot water/steam,oil,septic,No,No,No,0
285000,0.38,4,53900,1709,61,3,1,2.5,5,hot air,gas,public/commercial,No,No,No,1
217500,0.34,26,92300,1596,57,3,0,1.5,6,hot air,gas,public/commercial,No,No,Yes,0
202000,0.48,39,25400,1690,63,3,1,2,6,hot water/steam,gas,public/commercial,No,No,Yes,1
229500,0.34,22,22600,1577,64,3,0,2,8,hot air,gas,public/commercial,No,No,No,0
400000,0.6,9,57000,2897,63,4,2,2.5,12,hot air,gas,public/commercial,No,No,Yes,1
170000,2.68,11,21400,2272,54,4,1,3.5,8,hot water/steam,oil,septic,No,No,No,1
151500,0.71,58,22700,1377,82,3,1,1.5,7,hot water/steam,oil,public/commercial,No,No,No,1
345000,0.29,18,46400,2120,62,4,1,2.5,11,hot air,gas,public/commercial,No,No,Yes,1
208000,0.34,26,49400,2470,57,4,1,2.5,10,hot air,gas,public/commercial,No,No,Yes,1
388000,0.77,9,74400,2762,61,4,1,2.5,12,hot air,gas,public/commercial,No,No,No,1
193000,0.4,18,25000,2088,64,4,1,2.5,10,hot water/steam,gas,public/commercial,No,No,No,1
168000,0.49,33,34100,2110,64,4,1,1.5,9,hot air,gas,public/commercial,No,No,Yes,1
300000,0.7,21,39200,2330,63,4,1,3.5,8,hot air,gas,public/commercial,No,No,Yes,1
88000,0.16,19,15700,988,54,2,0,2,5,electric,electric,public/commercial,No,No,No,0
90000,0.29,83,3900,900,44,4,0,1,7,hot air,gas,public/commercial,No,No,No,0
90000,0.07,14,1800,1480,52,2,1,2.5,5,hot air,gas,public/commercial,No,No,Yes,1
189000,0.42,28,30900,1632,63,3,1,1.5,7,hot air,gas,public/commercial,No,No,Yes,1
182000,0.38,36,3300,1729,36,4,1,1.5,8,hot water/steam,gas,septic,No,No,No,1
224000,0.54,38,34700,1954,64,4,1,2,10,hot air,gas,public/commercial,No,No,No,1
195000,0.46,28,24500,1232,61,3,1,1,6,electric,electric,public/commercial,No,No,No,1
180000,0.31,16,36800,1180,63,2,0,1.5,7,hot air,gas,public/commercial,No,No,No,0
285000,0.94,37,36200,2564,61,4,1,2.5,11,hot water/steam,gas,public/commercial,No,No,No,1
186500,0.21,16,28000,1452,63,3,1,2,8,hot air,electric,public/commercial,No,No,Yes,1
168000,0.92,28,8700,1112,54,3,0,1,8,hot air,oil,septic,No,No,No,0
217000,2.85,25,54700,2180,60,4,1,2,8,electric,electric,septic,No,No,Yes,1
235000,1,9,43900,2588,64,4,1,2.5,12,hot air,oil,septic,No,No,No,1
224900,0.11,25,32900,2208,64,4,1,2.5,10,hot water/steam,gas,septic,No,No,No,1
185000,0.14,105,600,2280,33,4,0,1.5,10,hot water/steam,oil,public/commercial,No,No,No,0
199900,0.24,13,8000,1564,40,3,0,2,5,hot air,gas,public/commercial,No,No,No,0
190000,0.46,36,27400,2521,64,4,1,2.5,10,hot water/steam,gas,public/commercial,No,No,No,1
171000,0.58,14,19000,1636,35,4,1,1.5,9,hot air,oil,none,No,No,No,1
144900,0.1,14,26000,1677,64,3,1,2.5,5,hot air,gas,public/commercial,No,No,Yes,1
348000,0.17,14,10200,1708,40,2,1,2,4,hot air,oil,public/commercial,No,No,Yes,1
264000,0.21,1,32000,2427,40,3,0,2.5,9,hot air,gas,public/commercial,No,Yes,No,0
130000,0.15,17,15600,908,54,2,0,1,7,electric,electric,public/commercial,No,No,No,0
100000,0.51,28,15000,1170,54,3,1,1.5,4,hot air,oil,septic,No,No,No,1
183000,0.31,35,47600,2072,57,4,1,2.5,8,hot air,gas,public/commercial,No,No,No,1
240000,0.3,12,10800,1400,40,3,2,1.5,4,hot air,gas,public/commercial,No,No,No,1
185000,0.95,16,40900,1585,64,3,1,1.5,4,electric,electric,public/commercial,No,No,Yes,1
225000,0.37,16,24500,1877,63,4,1,3,10,hot air,gas,public/commercial,No,No,No,1
385900,0.4,1,233000,3008,61,4,1,2.5,11,hot air,gas,public/commercial,No,Yes,Yes,1
163000,0.15,64,36000,1092,36,2,0,1,6,hot air,oil,public/commercial,Yes,No,No,0
184000,0.45,35,9000,1791,40,4,0,1,10,hot air,gas,septic,No,No,No,0
80000,1,32,20300,880,57,2,0,1.5,6,electric,electric,septic,No,No,No,0
165900,0.16,21,15100,1184,40,2,0,1.5,3,electric,electric,public/commercial,No,No,No,0
405100,0.39,3,85400,2000,57,3,1,2.5,6,hot air,gas,public/commercial,No,No,Yes,1
302900,0.22,50,72000,1640,62,3,0,1,4,hot water/steam,gas,public/commercial,No,No,No,0
154000,0.17,21,15800,912,40,2,0,1.5,7,electric,electric,public/commercial,No,No,No,0
271295,0.35,1,67000,2359,57,4,0,2.5,11,hot air,gas,public/commercial,No,No,Yes,0
76320,0.15,68,2000,1380,44,3,1,1,5,hot air,gas,public/commercial,No,No,No,1
303000,0.18,20,20900,2240,57,4,1,2.5,10,electric,electric,septic,No,No,No,1
237500,1,15,12100,1776,62,3,1,1.5,5,hot air,oil,septic,No,No,No,1
190000,0.6,19,16000,2296,57,4,1,2.5,7,hot air,gas,septic,No,No,Yes,1
249900,0.42,23,57500,1571,63,3,2,2,7,hot air,gas,public/commercial,No,No,Yes,1
198000,0.15,16,10000,1920,27,4,1,2.5,10,electric,electric,septic,No,Yes,Yes,1
197000,0.14,16,19600,1296,64,2,1,1.5,6,hot air,gas,public/commercial,No,No,No,1
275000,0.03,16,27000,1812,57,2,1,2.5,7,hot air,gas,public/commercial,No,No,Yes,1
549254,0.25,0,63000,2885,57,3,1,2.5,11,hot air,gas,public/commercial,No,No,Yes,1
255000,0.13,15,13700,1512,40,3,0,1.5,6,hot air,gas,public/commercial,No,No,No,0
107000,0.28,82,12600,1568,63,3,0,1,7,hot air,gas,septic,No,No,No,0
212000,1,27,5000,2430,50,4,0,1,9,electric,electric,septic,No,No,Yes,0
195000,0.56,18,30800,1652,63,3,1,2,6,hot water/steam,gas,public/commercial,No,No,No,1
148000,0.41,84,18200,1182,64,3,1,1.5,8,hot air,oil,public/commercial,No,No,No,1
139500,0.15,3,15000,1366,36,3,0,1.5,8,hot air,gas,public/commercial,No,No,Yes,0
205900,0.06,26,35900,1726,64,3,1,2,8,hot air,gas,public/commercial,No,No,Yes,1
147423,0.16,19,15700,912,40,2,1,1.5,3,electric,electric,public/commercial,No,No,No,1
291000,0.49,6,17200,2070,64,4,1,2.5,6,hot air,gas,public/commercial,No,No,Yes,1
167500,0.92,19,25000,1188,40,3,0,1,4,hot air,oil,septic,No,No,No,0
120000,0.06,19,16400,1479,64,3,0,1.5,4,electric,electric,public/commercial,No,No,Yes,0
188000,0.41,33,13500,1712,52,3,1,1.5,7,hot air,oil,septic,No,No,Yes,1
175000,0.02,9,20000,1420,62,3,0,1,8,hot air,gas,septic,No,No,No,0
319000,0.47,1,108900,3285,40,4,1,3,12,hot air,gas,public/commercial,No,Yes,No,1
183000,0.15,17,21000,1343,63,2,1,2.5,6,hot air,gas,public/commercial,No,No,Yes,1
275000,0.46,7,18400,1865,57,3,0,2.5,8,hot air,gas,public/commercial,No,No,No,0
248495,0.63,0,98500,2294,57,4,1,2.5,11,hot air,gas,public/commercial,No,No,Yes,1
205980,0.14,1,45200,1983,64,3,1,2.5,5,hot air,gas,public/commercial,No,Yes,Yes,1
215500,0.34,19,27000,2601,40,4,1,2.5,10,hot air,gas,public/commercial,No,No,Yes,1
435000,1,25,25000,4211,57,5,2,3.5,12,hot water/steam,gas,septic,No,No,No,1
191000,0.46,26,24500,1719,63,3,1,1.5,5,electric,electric,public/commercial,No,No,No,1
211950,0.36,1,29200,2342,64,4,1,2.5,8,hot air,gas,public/commercial,No,Yes,Yes,1
170000,0.51,57,13300,1346,52,2,1,1,4,hot water/steam,oil,septic,No,No,No,1
245000,1,7,17800,2038,54,4,1,2.5,7,hot water/steam,gas,septic,No,No,No,1
265000,0.18,140,56700,1666,62,3,0,1,8,hot air,gas,public/commercial,No,No,No,0
132000,0.09,18,17600,1480,64,3,1,1.5,7,hot air,gas,public/commercial,No,No,Yes,1
255000,0.41,21,25400,1910,64,4,0,2.5,6,hot air,gas,public/commercial,No,No,Yes,0
193000,0.47,18,14100,1481,57,3,0,1.5,5,hot water/steam,gas,septic,No,No,No,0
140595,0.42,71,18600,1350,61,3,0,1,5,hot air,oil,septic,No,No,No,0
139000,0.09,24,17600,1290,64,2,1,1.5,3,hot air,gas,public/commercial,No,No,Yes,1
85568,0.15,67,2600,999,20,3,0,1,6,hot water/steam,oil,public/commercial,No,No,No,0
109000,0.15,20,15700,908,54,2,0,1,7,electric,electric,public/commercial,No,No,No,0
150000,0.29,93,9200,1046,57,3,0,1,6,electric,electric,septic,No,No,No,0
240000,0.6,35,32000,2708,64,5,2,2.5,12,hot water/steam,gas,public/commercial,No,No,No,1
150000,0.99,10,9900,1020,57,3,0,2,5,hot air,oil,septic,No,No,Yes,0
148400,0.15,20,15700,912,40,2,1,1.5,5,electric,electric,public/commercial,No,No,No,1
139000,0.14,16,19600,1343,64,2,1,1.5,6,electric,electric,public/commercial,No,No,Yes,1
111000,0.74,95,2700,883,50,1,0,1,2,hot air,oil,septic,No,No,No,0
149000,0.15,18,15100,1385,40,2,1,1.5,3,hot air,gas,public/commercial,No,No,No,1
380000,0.04,18,36000,1675,62,2,1,2.5,6,hot air,gas,public/commercial,No,No,Yes,1
153000,0.39,52,21800,1230,60,3,1,1,6,hot air,oil,septic,No,No,No,1
165000,0.93,13,38300,1352,64,3,0,1,8,hot air,gas,septic,No,No,No,0
149900,0.17,19,15800,912,40,2,1,1.5,4,electric,electric,public/commercial,No,No,No,1
116500,0.08,22,17200,1375,64,2,0,1.5,4,hot air,gas,public/commercial,No,No,Yes,0
138500,0.32,36,8000,1558,54,3,1,1,6,hot air,gas,septic,No,No,Yes,1
358000,0.06,10,79600,2653,82,4,0,2.5,10,hot air,gas,septic,No,No,Yes,0
128850,0.92,16,5500,824,45,3,0,1.5,5,electric,electric,septic,No,No,No,0
256000,0.83,6,14700,2353,60,4,1,2.5,8,hot air,gas,septic,No,No,Yes,1
175000,0.68,54,25900,1176,47,3,0,2,8,hot air,oil,public/commercial,No,No,No,0
253000,0.45,16,25000,1780,40,3,1,1.5,9,hot air,gas,septic,No,No,No,1
275000,0.47,35,27800,2588,64,4,1,2.5,10,hot water/steam,gas,public/commercial,No,No,No,1
153000,0.51,33,34600,1926,64,4,1,1.5,6,hot air,gas,public/commercial,No,No,Yes,1
208767,0.5,0,32000,1662,52,3,0,2,7,hot air,gas,public/commercial,No,Yes,Yes,0
142000,0.16,28,50400,1728,57,3,0,1.5,6,hot air,gas,public/commercial,No,No,No,0
360000,0.13,4,110200,1392,62,3,0,2.5,4,hot air,gas,public/commercial,No,No,Yes,0
133000,0.11,29,3900,1320,57,3,0,3,5,electric,electric,public/commercial,No,No,No,0
155000,0.17,20,18700,1244,64,2,0,2,6,hot air,gas,public/commercial,No,No,Yes,0
275000,0.12,78,89000,1738,57,4,1,2.5,6,hot water/steam,oil,public/commercial,No,No,Yes,1
175000,0.29,27,22700,1836,63,4,1,1.5,8,hot air,gas,public/commercial,No,No,Yes,1
269000,0.04,15,36000,2004,57,3,1,2.5,8,hot air,gas,public/commercial,No,No,Yes,1
224900,0.48,45,28200,1732,64,4,0,2,7,hot air,gas,public/commercial,No,No,No,0
138900,0.15,14,5400,1034,40,2,0,1.5,3,hot water/steam,gas,public/commercial,No,No,Yes,0
177000,0.34,25,9200,1548,63,3,0,1.5,5,electric,electric,septic,No,No,No,0
375000,0.27,50,78800,1944,57,3,1,2.5,7,hot air,gas,public/commercial,No,No,Yes,1
165000,0.06,15,45800,1290,57,3,1,1.5,5,hot air,gas,public/commercial,No,No,No,1
322000,0.26,7,9100,2483,61,4,1,2.5,8,hot air,gas,public/commercial,No,No,Yes,1
191000,0.46,26,24500,1719,63,3,1,1.5,7,electric,electric,public/commercial,No,No,No,1
315513,0.46,1,108900,2680,40,4,1,2.5,11,hot air,gas,public/commercial,No,Yes,Yes,1
84000,0.15,19,15700,912,52,2,0,1.5,7,electric,electric,public/commercial,No,No,No,0
144200,0.15,113,54000,1660,57,4,1,1.5,9,hot air,gas,public/commercial,No,No,No,1
106000,0.42,36,30900,1738,64,3,0,1.5,9,hot air,gas,public/commercial,No,No,No,0
138000,0.29,30,52400,1279,57,3,1,1,6,hot air,gas,public/commercial,No,No,No,1
206000,1,19,36000,1814,64,3,1,1.5,7,hot air,gas,septic,No,No,Yes,1
220000,0.41,31,105700,1579,57,4,0,1.5,6,hot air,gas,public/commercial,No,No,Yes,0
325000,0.27,105,56500,1391,40,2,1,1,4,electric,electric,public/commercial,Yes,No,No,1
195000,1,52,19200,2147,62,2,1,1.5,7,hot water/steam,oil,septic,No,No,No,1
235000,0.76,38,35300,1768,64,3,0,2,5,hot water/steam,gas,public/commercial,No,No,No,0
265000,0.49,1,15000,2184,51,3,1,2.5,8,hot air,gas,septic,No,Yes,Yes,1
10300,0.16,20,15700,912,54,2,1,1.5,6,electric,electric,public/commercial,No,No,No,1
195000,0.03,18,19200,1480,57,3,1,2.5,7,hot air,gas,public/commercial,No,No,Yes,1
136000,0.5,37,19800,1092,64,3,0,1,5,hot water/steam,oil,septic,No,No,No,0
150000,0.55,35,33000,1965,64,5,1,2,11,hot air,gas,public/commercial,No,No,Yes,1
131000,0.23,66,3600,1512,38,3,1,1,8,hot air,gas,public/commercial,No,No,No,1
512971,0.01,0,12500,1904,57,2,1,2,8,hot air,gas,public/commercial,No,No,Yes,1
299000,0.1,25,6000,874,40,3,1,1,5,electric,electric,public/commercial,No,No,No,1
147543,0.29,0,11300,1786,36,3,0,2.5,7,hot air,gas,septic,No,Yes,No,0
158500,0.7,17,28800,1210,60,2,1,1,4,hot air,gas,septic,No,No,No,1
196000,0.43,33,31400,1911,64,4,1,1.5,10,hot air,gas,public/commercial,No,No,Yes,1
252659,0.41,36,25400,2802,64,4,1,2.5,8,hot water/steam,gas,public/commercial,No,No,No,1
451000,2,52,84000,1326,64,3,0,1,7,hot air,oil,public/commercial,No,No,Yes,0
171000,0.37,18,27000,1548,52,3,1,2,5,hot air,gas,public/commercial,No,No,Yes,1
147000,0.11,15,18900,1676,51,3,1,2.5,6,hot air,gas,septic,No,No,No,1
182000,1,13,4000,1564,27,3,1,2,4,hot air,gas,septic,No,No,Yes,1
165000,0.05,19,16000,1480,64,3,0,2.5,6,hot air,gas,public/commercial,No,No,Yes,0
180000,2.06,16,5900,1820,39,3,1,2.5,5,hot air,gas,septic,No,No,No,1
150000,0.32,11,19400,1656,51,3,0,1.5,6,electric,electric,none,No,No,No,0
139900,0.07,13,24500,1602,64,2,0,2.5,7,hot air,gas,public/commercial,No,No,Yes,0
262138,0.15,0,114000,1631,57,3,1,2.5,4,hot air,gas,public/commercial,No,No,Yes,1
107500,0.24,138,1400,2246,39,4,0,1.5,9,hot water/steam,oil,public/commercial,No,No,No,0
230000,0.35,42,27800,1793,64,4,1,1.5,9,hot air,gas,septic,No,No,Yes,1
97500,0.06,19,16400,1237,64,2,1,1.5,6,hot air,gas,public/commercial,No,No,Yes,1
173000,0.21,11,19100,1064,64,2,1,2,4,hot air,gas,public/commercial,No,No,No,1
209500,0.42,10,26200,1836,64,4,1,2.5,8,hot air,gas,septic,No,No,Yes,1
351400,0.15,1,114000,1680,57,2,1,2.5,4,hot air,gas,public/commercial,No,No,Yes,1
508000,0.17,1,116700,3511,64,4,1,2.5,12,hot air,gas,public/commercial,No,No,No,1
157000,0.46,45,20200,1390,71,3,1,1.5,6,hot air,gas,septic,No,No,No,1
123000,0.08,16,2100,1480,54,3,1,1.5,5,hot air,gas,public/commercial,No,No,No,1
158000,0.73,85,16400,1461,40,3,0,1,6,hot air,oil,septic,No,No,No,0
95000,0.19,24,39200,960,57,3,0,1,6,electric,electric,septic,No,No,No,0
340000,0.55,8,19300,2483,64,4,1,2.5,10,hot air,gas,public/commercial,No,No,No,1
362360,0.59,0,153800,3020,64,4,1,2.5,9,hot air,gas,public/commercial,No,Yes,Yes,1
111900,0.35,54,19600,1272,60,4,1,1.5,9,hot air,oil,septic,No,No,No,1
123500,0.16,16,15100,1492,52,3,1,2.5,8,electric,electric,public/commercial,No,No,No,1
167500,0.64,37,16400,2592,64,3,1,1.5,9,hot water/steam,oil,septic,No,No,No,1
197500,0.3,30,24500,1938,64,3,1,1.5,9,hot air,gas,public/commercial,No,No,Yes,1
157900,0.38,37,29100,1674,64,3,1,1.5,5,hot air,gas,public/commercial,No,No,No,1
204900,0.03,10,35800,1616,64,3,0,2,6,hot air,gas,public/commercial,No,No,Yes,0
120000,0.11,50,1300,768,36,2,0,1,6,hot air,gas,public/commercial,No,No,No,0
234500,2,164,40000,2268,60,3,0,2.5,10,hot air,oil,septic,No,No,No,0
315000,0.63,19,65500,775,57,1,0,1,6,hot air,oil,public/commercial,No,No,No,0
342000,0.58,4,17400,2734,63,3,1,2.5,9,hot air,gas,public/commercial,No,No,Yes,1
259900,0.46,1,36600,2544,64,4,1,2.5,9,hot air,gas,public/commercial,No,Yes,Yes,1
227812,0.01,0,37200,2206,64,4,1,2.5,10,hot air,gas,public/commercial,No,Yes,Yes,1
257386,0.5,0,32000,2969,52,4,1,4,10,hot air,gas,public/commercial,No,Yes,Yes,1
412000,0.62,9,57800,2900,64,4,1,2.5,10,hot air,gas,public/commercial,No,No,Yes,1
246000,0.61,16,29100,1702,63,3,1,1.5,6,hot water/steam,gas,public/commercial,No,No,No,1
119900,1.03,63,41500,1701,41,5,0,1,10,hot water/steam,oil,septic,No,No,No,0
285000,0.07,16,48200,1926,57,2,2,3,6,hot air,electric,public/commercial,No,No,Yes,1
174000,0.06,21,16400,1479,61,3,0,1.5,8,hot air,gas,public/commercial,No,No,No,0
249835,0.52,0,77000,2474,57,4,1,2.5,11,hot air,gas,public/commercial,No,No,Yes,1
195000,0.29,3,3800,1552,36,3,1,2.5,5,hot air,gas,septic,No,No,No,1
208700,0.4,0,15000,2458,64,4,1,2.5,9,hot air,gas,public/commercial,No,No,No,1
233900,0.3,32,24500,1918,64,4,1,1.5,6,hot air,gas,public/commercial,No,No,Yes,1
143500,0.59,13,19900,912,51,3,0,1,7,hot air,gas,septic,No,No,No,0
359770,0.16,1,62600,2592,57,3,0,3,8,hot air,gas,public/commercial,No,No,Yes,0
170000,0.16,18,15100,1514,40,3,1,1.5,5,electric,electric,public/commercial,No,No,No,1
140000,0.35,9,13000,1714,64,3,0,2.5,8,hot water/steam,gas,septic,No,No,No,0
171134,0.25,35,50000,1302,62,3,0,2,4,hot air,gas,public/commercial,No,No,No,0
279000,0.23,13,34100,1782,60,3,0,1,8,hot air,gas,septic,No,No,Yes,0
235000,0.72,15,40300,2086,64,3,1,2.5,5,hot air,gas,public/commercial,No,No,Yes,1
395000,0.14,3,112100,2222,57,3,0,2.5,6,hot air,gas,public/commercial,No,No,Yes,0
247000,0.51,16,6000,1901,44,3,1,2.5,5,hot air,gas,septic,No,No,Yes,1
116600,1,11,34900,1040,57,3,1,2,7,electric,electric,septic,No,No,No,1
140000,0.17,26,15200,1276,40,2,1,2,6,hot air,electric,public/commercial,No,No,Yes,1
185000,0.33,16,27000,2191,54,3,1,2.5,7,electric,electric,public/commercial,No,No,No,1
156900,0.28,52,23200,1635,63,4,0,1.5,5,hot air,oil,septic,No,No,No,0
228000,0.25,12,15200,1512,40,3,0,2,8,hot air,gas,public/commercial,No,No,No,0
760000,1.22,2,194700,3148,57,5,0,3.5,12,hot air,gas,septic,No,No,Yes,0
279000,0.44,9,26000,1836,64,3,0,2.5,8,hot air,gas,public/commercial,No,No,Yes,0
220000,0.13,17,51400,1290,62,2,0,1.5,4,electric,electric,public/commercial,No,No,Yes,0
225000,0.89,27,30900,1857,64,4,1,2.5,8,hot air,gas,public/commercial,No,No,Yes,1
380000,0.3,76,38300,1140,50,3,0,2,5,hot air,gas,public/commercial,Yes,No,Yes,0
320000,0.46,10,18400,3174,57,4,0,4,12,hot air,gas,septic,No,No,Yes,0
105900,0.09,19,17600,1480,64,3,0,1.5,5,hot air,electric,public/commercial,No,No,No,0
424200,1.82,19,130700,2914,63,4,1,3.5,10,hot air,gas,public/commercial,No,No,Yes,1
149000,0.15,20,15700,988,40,2,0,1,7,electric,electric,public/commercial,No,No,No,0
182000,0.35,40,27800,2080,64,4,1,1.5,10,hot air,gas,public/commercial,No,No,Yes,1
130000,0.16,36,54900,1134,57,3,0,1,4,hot air,gas,public/commercial,No,No,No,0
168000,1,10,16200,1014,62,3,0,1,7,hot air,gas,septic,No,No,No,0
218070,1,0,3500,2194,44,4,0,2.5,8,hot water/steam,gas,septic,No,Yes,No,0
273960,3.47,1,20300,2158,54,3,1,2,10,hot air,gas,septic,No,Yes,Yes,1
189900,0.5,43,73500,1850,57,3,1,1.5,7,hot air,gas,public/commercial,No,No,No,1
134800,0.48,73,20500,1384,52,3,0,2,5,hot air,oil,septic,No,No,No,0
191000,0.44,39,24100,1518,63,4,1,1.5,5,hot water/steam,gas,public/commercial,No,No,No,1
463000,0.64,3,153800,2885,64,4,1,2.5,10,hot air,gas,public/commercial,No,No,Yes,1
295925,0.56,0,108900,2134,40,4,1,2.5,9,hot air,gas,public/commercial,No,Yes,No,1
124500,0.15,17,15200,1385,52,2,0,1.5,4,electric,electric,public/commercial,No,No,No,0
131000,0.54,41,5300,1916,38,4,1,2.5,8,hot air,gas,septic,No,No,No,1
120000,0.49,30,64400,1272,57,3,0,1,4,hot air,gas,public/commercial,No,No,No,0
229000,1.61,26,4500,1572,36,3,0,1.5,4,electric,electric,septic,No,No,No,0
324000,0.53,18,65800,2812,64,4,1,2.5,12,hot air,gas,public/commercial,No,No,Yes,1
367500,0.27,2,78200,2205,57,3,1,2.5,10,hot air,gas,public/commercial,No,No,Yes,1
65000,0.16,19,15700,988,52,2,0,2,4,hot air,gas,public/commercial,No,No,No,0
171000,0.54,11,18900,1603,57,3,0,1.5,4,hot air,gas,public/commercial,No,No,Yes,0
255000,0.57,35,33200,2262,77,4,1,2.5,9,hot air,gas,public/commercial,No,No,Yes,1
280000,0.14,84,93000,1160,57,3,0,1.5,4,hot water/steam,gas,public/commercial,No,No,No,0
115000,0.88,16,10000,1560,22,3,1,1.5,8,electric,electric,septic,No,No,Yes,1
271000,0.47,22,61300,2003,63,3,1,2.5,7,hot air,gas,public/commercial,No,No,Yes,1
155000,0.24,32,49100,1640,57,4,1,1.5,7,hot air,gas,public/commercial,No,No,Yes,1
215000,0.49,28,24900,1196,64,4,1,2,7,hot air,gas,public/commercial,No,No,No,1
248000,0.46,16,60500,2208,64,3,1,2.5,7,hot air,gas,public/commercial,No,No,Yes,1
265000,0.49,1,15000,2184,51,3,1,2.5,10,hot air,gas,septic,No,Yes,Yes,1
121000,0.52,6,2500,1164,44,3,0,2,5,hot air,gas,septic,No,No,No,0
420000,0.11,121,87000,2247,62,4,0,2,10,hot water/steam,gas,public/commercial,No,No,No,0
278140,0.62,1,98000,2230,57,3,0,2.5,10,hot air,gas,public/commercial,No,No,Yes,0
135000,0.14,15,19600,1348,64,2,1,1.5,5,electric,electric,public/commercial,No,No,Yes,1
285000,0.36,13,13000,1868,64,3,1,2.5,9,hot water/steam,gas,septic,No,No,No,1
58500,0.04,30,1400,1140,33,3,0,1.5,5,electric,electric,public/commercial,No,No,No,0
225700,0.36,19,13000,1720,64,3,0,1.5,9,electric,electric,public/commercial,No,No,No,0
405000,0.61,6,23900,3296,63,4,1,2.5,12,hot air,gas,public/commercial,No,No,Yes,1
145000,5.52,20,5900,1056,36,2,0,1,7,electric,electric,septic,No,No,No,0
299000,0.1,8,13000,2054,62,4,0,2.5,6,hot air,gas,public/commercial,No,No,Yes,0
124000,0.06,19,16400,1314,63,2,0,1.5,6,electric,electric,public/commercial,No,No,No,0
285000,0.65,23,72000,2514,63,5,1,2.5,10,hot air,gas,public/commercial,No,No,Yes,1
139900,0.3,30,53000,1178,57,3,0,1,7,hot air,gas,public/commercial,No,No,No,0
135000,0.26,33,50600,1472,57,3,0,1,8,hot air,gas,public/commercial,No,No,No,0
165000,0.65,22,16500,1475,57,3,1,2,6,electric,electric,septic,No,No,No,1
227500,0.55,53,73400,1185,62,3,0,1,4,hot air,gas,public/commercial,No,No,No,0
176000,0.42,21,12250,1292,64,3,0,1.5,6,electric,electric,public/commercial,No,No,No,0
158000,0.55,36,30500,1664,64,3,1,2,8,hot water/steam,gas,public/commercial,No,No,No,1
294100,0.39,11,13000,2112,64,3,1,2.5,10,hot water/steam,gas,septic,No,No,No,1
130900,0.11,1,15000,840,36,2,0,1,3,hot air,gas,public/commercial,No,No,Yes,0
220000,0.41,39,30500,1922,64,4,0,1.5,9,hot air,gas,public/commercial,No,No,No,0
160000,0.29,14,9700,1072,40,2,0,1,7,hot air,gas,public/commercial,No,No,Yes,0
600000,0.04,17,36000,3191,57,3,2,3.5,12,hot air,gas,public/commercial,No,No,Yes,1
185000,0.11,83,87000,1250,57,3,0,1.5,5,hot water/steam,gas,public/commercial,No,No,No,0
162500,0.46,26,13800,1890,57,3,1,2.5,7,hot air,gas,septic,No,No,Yes,1
204000,0.4,1,15000,2458,63,4,1,2.5,10,hot air,gas,public/commercial,No,No,No,1
197000,0.41,14,26700,1316,64,3,0,1.5,8,hot air,gas,public/commercial,No,No,No,0
196900,0.41,35,30500,1672,64,4,0,1.5,6,hot air,gas,public/commercial,No,No,Yes,0
249900,0.74,14,73800,2185,64,3,1,2.5,7,hot air,gas,public/commercial,No,No,Yes,1
175000,0.36,27,37000,1354,63,3,1,2,5,hot air,gas,public/commercial,No,No,Yes,1
218000,0.1,18,16200,2169,62,3,1,2.5,10,electric,electric,septic,No,No,Yes,1
206000,0.51,15,39600,2011,64,3,1,2.5,7,hot air,gas,public/commercial,No,No,Yes,1
65000,0.13,137,700,814,36,2,0,1,3,hot air,gas,septic,No,No,No,0
120000,0.36,103,32200,1144,64,3,0,1,8,hot air,oil,septic,No,No,No,0
170000,0.92,53,29000,1360,57,4,0,1,9,hot air,oil,septic,No,No,Yes,0
167850,0.27,34,51200,1920,62,3,1,1,5,hot air,gas,public/commercial,No,No,Yes,1
159400,0.24,29,49100,1368,57,3,0,1,5,hot air,gas,public/commercial,No,No,No,0
152500,0.48,30,19600,936,52,3,1,1,7,hot water/steam,gas,public/commercial,No,No,No,1
187000,0.47,18,18800,2389,27,6,0,3,11,hot water/steam,oil,septic,No,No,No,0
309000,0.49,19,62800,2214,64,4,1,2.5,10,hot air,gas,public/commercial,No,No,Yes,1
235000,0.59,34,31700,2576,64,5,1,3,11,hot water/steam,gas,public/commercial,No,No,Yes,1
190000,0.52,47,28100,1832,60,4,1,2,8,hot air,oil,septic,No,No,No,1
72000,0.33,85,24600,1152,52,3,0,1,6,electric,electric,septic,No,No,No,0
170000,0.35,20,27000,1748,54,2,0,2,4,electric,electric,public/commercial,No,No,No,0
107200,0.16,19,15700,908,52,2,0,1,6,hot air,gas,public/commercial,No,No,No,0
300300,0.13,52,63000,1208,62,3,0,1,6,hot air,gas,public/commercial,No,No,No,0
129900,0.05,125,45000,1436,62,4,0,1,5,hot water/steam,oil,public/commercial,No,No,No,0
205000,0.19,18,7300,1576,35,3,0,1.5,4,hot air,gas,public/commercial,No,No,No,0
248000,0.41,35,44300,2396,63,4,1,2.5,11,hot air,gas,septic,No,No,No,1
165000,0.02,17,20100,960,62,3,0,1,4,hot air,gas,septic,No,No,No,0
120000,1.48,57,36000,1278,63,3,1,1,7,hot air,gas,septic,No,No,No,1
127000,0.14,9,300,1300,41,3,0,1.5,8,hot air,oil,septic,No,No,No,0
214500,0.21,33,107000,912,62,3,0,1,4,hot air,gas,public/commercial,No,No,No,0
219000,0.65,2,4000,2040,27,4,0,2.5,8,hot air,oil,septic,No,No,No,0
225000,0.68,29,28700,1807,60,3,1,1.5,8,hot air,oil,septic,No,No,No,1
165000,0.09,21,17600,1314,63,2,1,1.5,6,electric,electric,public/commercial,No,No,Yes,1
299900,0.77,15,38700,2748,63,4,1,3.5,8,hot air,gas,public/commercial,No,No,Yes,1
190000,0.59,15,25000,1300,54,3,1,1.5,5,hot air,gas,septic,No,No,Yes,1
157000,0.03,103,27000,1408,57,3,0,1.5,4,hot air,gas,public/commercial,No,No,No,0
202000,0.47,28,24600,1222,64,2,0,1,6,electric,electric,public/commercial,No,No,No,0
104000,0.09,19,17600,1480,64,3,1,1.5,5,electric,electric,public/commercial,No,No,No,1
188900,0.32,18,27000,1294,54,3,0,1,4,electric,electric,public/commercial,No,No,No,0
143000,0.09,18,17600,1480,63,3,0,1.5,8,electric,electric,public/commercial,No,No,Yes,0
213000,0.48,20,10000,1274,64,3,1,2,4,electric,electric,public/commercial,No,No,No,1
106000,0.48,34,63800,1296,57,3,0,1,7,hot air,gas,public/commercial,No,No,No,0
188900,0.32,18,27000,1294,54,3,0,1,4,electric,electric,public/commercial,No,No,No,0
263008,0.63,0,24400,2665,64,4,1,2.5,11,hot air,gas,public/commercial,No,Yes,Yes,1
119900,0.18,2,15000,840,36,1,0,1,6,hot air,gas,public/commercial,No,No,Yes,0
302000,0.61,11,41700,1796,61,3,1,2.5,6,hot air,gas,public/commercial,No,No,No,1
97000,0.36,45,3600,1406,44,3,0,1.5,6,hot water/steam,gas,septic,No,No,No,0
225500,0.28,41,64000,1092,62,3,1,1,4,hot water/steam,gas,public/commercial,No,No,No,1
415000,2.92,1,20000,2709,36,3,1,2.5,10,hot air,gas,septic,No,No,Yes,1
135000,0.15,25,7200,936,35,2,1,1.5,3,hot water/steam,gas,public/commercial,No,No,No,1
230000,0.95,15,32800,1612,64,3,1,2,6,hot water/steam,gas,septic,No,No,No,1
126900,0.46,26,18700,1350,51,3,0,1.5,5,hot air,gas,septic,No,No,No,0
182500,0.38,51,14600,1296,60,4,1,2,9,hot air,oil,septic,No,No,Yes,1
155000,0.57,59,29900,1498,75,2,1,1,7,hot air,gas,public/commercial,No,No,No,1
256350,0.35,1,108900,2271,40,3,1,2.5,6,hot air,gas,public/commercial,No,Yes,No,1
227000,0.46,37,27400,1920,63,5,1,2.5,9,hot water/steam,gas,public/commercial,No,No,No,1
250000,0.47,21,48300,2284,63,4,1,2.5,9,hot air,gas,public/commercial,No,No,Yes,1
225000,0.5,12,15300,2428,52,4,1,2.5,11,hot air,gas,public/commercial,No,No,Yes,1
318000,0.23,3,73800,1806,57,3,1,2.5,8,hot air,gas,public/commercial,No,No,Yes,1
320900,0.47,5,20400,1885,21,2,1,2,7,hot water/steam,oil,septic,Yes,No,No,1
125000,0.34,32,11100,1404,52,3,0,2,5,hot air,gas,septic,No,No,No,0
225000,0.45,35,32300,1756,64,4,1,1.5,7,hot air,gas,public/commercial,No,No,No,1
290000,0.12,3,108300,1620,57,3,1,2.5,7,hot air,gas,public/commercial,No,No,Yes,1
155000,0.75,53,6500,1608,57,3,1,2,5,hot air,oil,septic,No,No,No,1
155000,0.38,25,38000,2080,64,3,1,2.5,9,electric,gas,public/commercial,No,No,Yes,1
168900,0.16,0,36800,1672,57,3,0,2.5,7,hot air,gas,public/commercial,No,No,Yes,0
216900,0.31,19,27000,1656,40,3,1,1.5,7,electric,electric,public/commercial,No,No,No,1
268300,0.16,6,36800,1373,62,3,1,2,5,hot air,gas,public/commercial,No,No,No,1
153000,0.17,57,10200,1072,40,2,0,1,6,hot air,oil,public/commercial,No,No,No,0
117000,0.07,15,18900,1676,51,4,1,1.5,9,electric,electric,septic,No,No,No,1
230000,0.14,95,50800,1617,62,4,0,1.5,9,hot air,gas,public/commercial,No,No,No,0
103150,0.25,32,50000,936,57,3,1,1,8,hot air,gas,public/commercial,No,No,No,1
129900,0.28,12,4800,1560,47,3,1,1,8,hot air,gas,public/commercial,No,No,Yes,1
395000,0.7,16,35000,2803,64,4,1,3,10,hot water/steam,gas,public/commercial,No,No,Yes,1
237500,0.37,19,27000,1535,40,3,0,2,5,hot water/steam,electric,public/commercial,No,No,No,0
245000,0.36,106,35900,1836,51,4,1,1.5,8,hot air,gas,public/commercial,No,No,No,1
104695,0.21,54,3500,921,38,2,0,1,7,hot air,gas,public/commercial,No,No,No,0
168000,0.25,35,50000,1800,62,2,0,1,5,hot air,gas,public/commercial,No,No,No,0
88100,0.14,0,7400,840,36,2,0,1,7,hot air,gas,public/commercial,No,No,Yes,0
104000,0.06,14,1600,1480,52,3,0,1.5,6,hot air,gas,public/commercial,No,No,No,0
182000,0.56,30,26400,2625,64,4,1,2.5,8,hot water/steam,gas,public/commercial,No,No,No,1
240000,0.07,13,48200,1744,57,3,1,2.5,6,hot air,gas,public/commercial,No,No,Yes,1
109000,0.19,133,7300,1944,51,4,1,1,8,hot water/steam,gas,public/commercial,No,No,No,1
157500,0.3,27,84600,1697,57,3,1,1.5,6,hot air,gas,public/commercial,No,No,Yes,1
180000,0.26,31,21900,1718,64,3,1,1.5,9,hot air,gas,public/commercial,No,No,Yes,1
78000,0.14,85,7800,1394,21,3,1,1.5,6,hot air,oil,septic,No,No,No,1
105000,0.16,20,15700,912,54,2,0,1.5,3,electric,electric,public/commercial,No,No,No,0
189000,0.3,31,53000,1592,62,3,1,1.5,7,hot air,gas,public/commercial,No,No,No,1
240000,0.48,0,90800,2022,57,3,1,2.5,8,hot air,gas,public/commercial,No,No,Yes,1
126000,0.16,17,15600,908,54,2,0,1,4,electric,electric,public/commercial,No,No,No,0
229900,0.43,16,25000,1540,40,3,0,1.5,6,hot air,gas,septic,No,No,No,0
150000,0.75,14,3700,1120,36,3,0,1.5,6,hot air,oil,septic,No,No,No,0
115000,0.15,17,15100,1385,54,2,0,1.5,5,electric,electric,public/commercial,No,No,No,0
292000,0.57,6,15000,2815,57,4,1,2.5,10,hot air,gas,public/commercial,No,No,No,1
115000,0.11,16,20700,1368,64,2,1,1.5,3,electric,electric,public/commercial,No,No,Yes,1
323759,0.35,1,108900,2483,40,3,1,2.5,10,hot air,gas,public/commercial,No,Yes,No,1
133000,0.06,15,1600,1480,54,3,0,1.5,6,hot air,gas,public/commercial,No,No,Yes,0
167000,0.23,53,73000,1250,57,3,0,1,4,hot water/steam,gas,public/commercial,No,No,No,0
341000,0.23,52,250000,1674,57,2,1,1.5,4,hot water/steam,gas,public/commercial,No,No,No,1
210000,0.49,15,25000,1592,54,3,1,1.5,8,hot air,gas,septic,No,No,No,1
151000,0.2,19,19000,1234,63,2,1,2,7,electric,electric,public/commercial,No,No,No,1
176000,0.41,35,26200,1664,64,3,1,1.5,6,hot air,gas,public/commercial,No,No,Yes,1
105000,0.95,50,36800,1500,63,3,1,1,5,hot water/steam,oil,septic,No,No,No,1
70000,1.34,34,36700,1313,61,2,0,1.5,3,electric,electric,septic,No,No,No,0
95000,0.17,139,1900,1410,38,6,0,1.5,9,hot water/steam,gas,public/commercial,No,No,No,0
373735,0.53,1,233000,3163,64,4,1,2.5,10,hot air,gas,public/commercial,No,Yes,Yes,1
107500,0.15,16,15700,912,52,2,0,1.5,4,hot air,gas,public/commercial,No,No,No,0
525000,0.46,1,70100,2876,64,5,1,3.5,12,hot air,gas,public/commercial,No,No,Yes,1
124900,0.98,96,16100,1522,54,4,0,2,7,hot water/steam,oil,public/commercial,No,No,No,0
199900,0.63,38,22100,1742,52,4,1,1,10,hot water/steam,gas,septic,No,No,Yes,1
457000,0.43,53,2700,2461,39,4,1,2,10,hot air,oil,public/commercial,Yes,No,No,1
299900,0.62,13,28500,2076,52,3,1,2.5,9,hot air,gas,septic,No,No,No,1
247000,0.3,28,34000,1676,61,3,1,2.5,8,hot air,gas,public/commercial,No,No,Yes,1
91000,0.16,19,15700,912,52,2,1,1.5,5,electric,electric,public/commercial,No,No,No,1
325000,0.8,134,18100,2463,60,5,2,2.5,12,hot air,gas,septic,No,No,No,1
310000,0.17,169,220000,3347,57,6,2,2.5,12,hot water/steam,gas,public/commercial,No,No,No,1
235000,0.73,34,35700,2078,64,4,1,1.5,6,hot air,gas,public/commercial,No,No,No,1
199900,0.39,6,69400,1888,57,3,0,2,5,hot water/steam,gas,septic,No,No,No,0
151000,0.07,30,16800,1419,63,3,0,1.5,4,hot air,gas,public/commercial,No,No,Yes,0
127500,0.19,71,3200,720,36,2,0,1,5,hot air,gas,public/commercial,No,No,No,0
257000,0.75,6,1700,1752,36,3,0,2.5,7,hot air,gas,septic,No,No,No,0
170000,0.37,37,24500,999,63,3,1,1,6,hot water/steam,gas,public/commercial,No,No,No,1
365000,0.56,0,37900,2950,64,4,1,2.5,12,hot air,gas,public/commercial,No,No,No,1
90000,0.49,74,10600,960,23,2,0,1,7,hot air,gas,septic,No,No,No,0
254500,0.17,9,20400,1463,61,3,1,2,8,hot air,gas,public/commercial,No,No,Yes,1
360000,0.34,41,80000,2176,62,4,1,2.5,8,electric,electric,septic,No,No,Yes,1
219900,1.1,124,20100,2289,60,4,1,1.5,9,hot water/steam,oil,septic,No,No,No,1
265900,0.34,6,36000,1940,63,3,1,2.5,7,hot air,gas,public/commercial,No,No,No,1
130000,0.15,17,15600,908,54,2,0,1,5,electric,electric,public/commercial,No,No,No,0
230000,0.54,39,34700,2112,61,4,1,1.5,9,hot air,gas,public/commercial,No,No,No,1
330000,0.47,6,16500,2574,63,4,0,2.5,12,hot air,gas,public/commercial,No,No,No,0
165000,0.52,16,5500,1248,27,3,0,2,6,electric,electric,septic,No,No,No,0
122900,1.94,4,21200,1416,44,3,0,1.5,6,hot air,gas,none,No,No,No,0
125000,0.35,22,10500,1040,63,3,0,1,4,electric,electric,public/commercial,No,No,No,0
218500,0.17,5,37600,1170,62,2,1,2.5,4,hot air,gas,public/commercial,No,No,No,1
108900,0.17,19,15800,912,52,2,0,1.5,3,hot air,gas,public/commercial,No,No,No,0
180500,0.75,8,20500,1248,40,3,0,2,5,hot air,electric,public/commercial,No,No,Yes,0
164900,0.14,77,93000,616,57,2,0,1,5,hot air,gas,public/commercial,No,No,No,0
260000,1,8,40200,2324,64,4,0,2.5,7,hot air,gas,public/commercial,No,No,Yes,0
199000,0.5,13,15300,1574,54,3,1,1.5,7,hot water/steam,gas,public/commercial,No,No,No,1
398000,0.61,8,71200,2960,63,4,1,2.5,10,hot air,gas,public/commercial,No,No,Yes,1
123000,0.15,17,15100,1679,54,2,0,1.5,7,electric,electric,public/commercial,No,No,No,0
199000,0.46,37,27400,2302,64,4,1,2.5,8,hot water/steam,gas,public/commercial,No,No,No,1
200500,0.69,26,27900,1666,64,3,1,1.5,4,hot air,gas,septic,No,No,Yes,1
453935,0.58,1,233000,2879,64,4,1,2.5,9,hot air,gas,public/commercial,No,Yes,Yes,1
367000,1,19,21400,2556,64,4,1,2.5,8,electric,electric,septic,No,No,Yes,1
118000,0.15,20,18500,924,63,2,0,1,7,hot water/steam,gas,public/commercial,No,No,No,0
192000,0.94,33,25200,1974,63,4,1,2.5,9,hot water/steam,gas,septic,No,No,No,1
176500,0.29,7,1100,1198,33,2,1,2,3,hot air,gas,public/commercial,No,No,No,1
189500,0.34,19,13000,1510,64,3,0,2,8,hot air,oil,public/commercial,No,No,Yes,0
229000,0.51,25,25000,1736,40,3,1,1.5,8,hot water/steam,gas,public/commercial,No,No,No,1
169900,0.91,19,20200,1671,71,4,1,3,8,hot air,gas,septic,No,No,Yes,1
259000,0.01,12,17900,1620,62,3,1,2.5,5,hot air,gas,public/commercial,No,No,No,1
249900,0.37,4,37500,2280,64,4,1,2.5,7,hot air,gas,public/commercial,No,No,No,1
169000,0.19,15,6800,1301,40,3,0,1.5,4,hot air,gas,public/commercial,No,No,No,0
64500,0.06,16,1600,1480,52,2,1,2.5,5,hot air,gas,public/commercial,No,No,No,1
225000,0.63,54,9500,2164,57,2,0,1.5,7,hot water/steam,oil,septic,No,No,No,0
182500,0.71,32,35100,1896,64,4,1,2.5,6,hot water/steam,gas,public/commercial,No,No,No,1
180000,0.13,18,20900,1512,64,2,1,1.5,3,electric,electric,public/commercial,No,No,Yes,1
121900,0.47,20,4700,1144,38,3,0,1,6,hot water/steam,gas,septic,No,No,No,0
249900,0.04,12,25600,1776,62,3,1,2.5,7,hot air,gas,public/commercial,No,No,Yes,1
135000,0.31,85,3400,1548,27,3,0,1.5,8,hot air,oil,public/commercial,No,No,No,0
90000,0.28,16,10600,1342,57,3,0,1.5,7,hot air,gas,septic,No,No,No,0
154000,0.14,20,18400,1480,64,3,1,1.5,5,hot water/steam,gas,public/commercial,No,No,No,1
490000,0.34,18,79700,1346,52,3,1,2,6,hot air,oil,public/commercial,Yes,No,No,1
146000,1.17,33,41800,1456,41,3,1,1.5,6,hot air,oil,septic,No,No,No,1
218000,0.45,16,25000,1300,40,3,0,1.5,4,hot air,gas,septic,No,No,No,0
225000,6.07,14,25700,1240,57,3,0,2,5,hot air,oil,septic,No,No,No,0
115540,0.2,104,56700,1074,57,3,0,1,7,hot air,gas,public/commercial,No,No,No,0
225000,0.33,16,27000,2527,54,3,0,1.5,10,electric,electric,public/commercial,No,No,No,0
271500,0.54,35,30200,2276,64,5,1,2.5,9,hot water/steam,gas,public/commercial,No,No,No,1
139000,0.27,56,62500,932,57,2,0,1,3,hot air,gas,public/commercial,No,No,No,0
85860,8.97,13,4800,704,41,2,0,1,4,electric,electric,septic,No,No,No,0
260000,0.35,18,50000,1920,62,4,1,2.5,10,hot air,gas,public/commercial,No,No,Yes,1
122500,0.15,18,15100,1184,54,2,0,1.5,3,electric,electric,public/commercial,No,No,No,0
159000,0.03,17,18800,1514,36,3,1,1.5,8,hot air,gas,septic,No,No,No,1
112500,0.72,43,4600,1232,44,3,1,1,5,electric,electric,septic,No,No,No,1
126900,0.25,10,8400,1596,52,3,0,2.5,6,hot air,gas,public/commercial,No,No,No,0
239900,0.53,19,65800,2040,63,4,1,2.5,10,hot air,gas,public/commercial,No,No,Yes,1
217021,0.46,31,32700,1846,64,3,0,1.5,7,hot water/steam,gas,septic,No,No,No,0
153500,0.48,33,12000,1764,62,3,1,1.5,7,hot air,oil,septic,No,No,No,1
275000,0.55,14,72000,2253,64,3,1,2.5,7,hot air,gas,public/commercial,No,No,Yes,1
270000,0.38,10,38000,2774,64,4,1,2.5,8,hot air,gas,public/commercial,No,No,Yes,1
169700,0.07,22,16800,1480,61,3,0,1.5,7,electric,electric,public/commercial,No,No,No,0
100000,0.48,42,15800,1540,77,4,0,1,7,hot air,oil,septic,No,No,No,0
215000,0.63,21,39100,1792,64,3,0,1.5,9,electric,electric,public/commercial,No,No,Yes,0
194500,0.61,41,32300,2310,64,4,1,2.5,7,hot water/steam,gas,public/commercial,No,No,Yes,1
86000,0.46,43,5500,880,38,3,0,1,4,hot air,gas,septic,No,No,No,0
150000,0.18,85,3600,969,64,2,0,1,4,hot air,oil,septic,No,No,No,0
129000,0.33,95,2500,1632,27,3,0,2,4,hot water/steam,oil,septic,No,No,No,0
230000,0.93,48,23500,1912,64,5,1,2,10,hot water/steam,gas,septic,No,No,No,1
79900,0.19,44,9100,640,20,2,0,1,6,electric,electric,septic,No,No,No,0
256000,0.5,20,29000,2263,64,4,1,2.5,11,hot water/steam,gas,public/commercial,No,No,No,1
112000,0.27,36,3800,1280,44,3,0,1,5,hot water/steam,gas,public/commercial,No,No,No,0
155000,0.57,28,2600,2051,36,3,0,1,5,electric,electric,septic,No,No,No,0
280000,0.16,0,62600,2494,57,3,0,2.5,8,hot air,gas,public/commercial,No,No,Yes,0
178000,0.48,28,24800,1404,64,3,1,1.5,6,electric,electric,public/commercial,No,No,No,1
175000,0.4,33,59000,1116,62,4,0,1.5,8,hot air,gas,public/commercial,No,No,Yes,0
101000,0.26,23,18200,976,63,3,0,2,5,electric,electric,public/commercial,No,No,No,0
177500,0.33,18,27000,1561,54,3,0,1.5,7,hot air,electric,public/commercial,No,No,No,0
100000,0.74,54,28300,1283,64,2,1,1,3,hot air,gas,septic,No,No,No,1
263000,0.6,28,28800,2570,64,5,1,2.5,12,hot water/steam,gas,public/commercial,No,No,No,1
151000,0.59,15,4500,1553,38,3,1,2,4,electric,electric,septic,No,No,No,1
325046,0.5,1,108900,2712,40,4,0,2.5,10,hot air,gas,public/commercial,No,Yes,No,0
350000,0.32,36,144900,2452,57,3,1,2.5,10,hot water/steam,oil,public/commercial,No,No,No,1
129900,0.24,64,1400,1120,47,2,0,1,3,hot air,oil,septic,Yes,No,No,0
305000,0.53,13,31300,2494,64,3,1,2.5,7,hot air,gas,septic,No,No,No,1
382500,0.19,2,57600,2244,62,4,1,2.5,10,hot air,gas,public/commercial,No,No,Yes,1
119900,0.46,23,7800,960,57,3,0,1,4,hot air,gas,septic,No,No,No,0
260000,0.46,13,36600,2140,63,4,1,2.5,8,hot air,gas,public/commercial,No,No,Yes,1
249230,0.18,0,119700,1902,57,2,1,2.5,4,hot air,gas,public/commercial,No,No,Yes,1
240000,0.46,33,32700,1453,64,4,1,2,9,hot air,gas,public/commercial,No,No,Yes,1
221649,0.37,38,24500,1682,64,3,1,1.5,4,hot water/steam,gas,public/commercial,No,No,No,1
180000,0.16,38,54900,1593,62,3,0,1.5,4,hot air,gas,public/commercial,No,No,No,0
126000,0.05,17,16000,1302,63,2,1,1.5,4,hot air,gas,public/commercial,No,No,Yes,1
213000,0.47,20,20000,1200,61,3,0,1.5,7,electric,electric,septic,No,No,Yes,0
220000,0.28,29,80800,2284,57,3,1,1.5,6,hot air,gas,public/commercial,No,No,Yes,1
193000,0.3,6,47000,1666,57,3,1,2.5,4,hot air,gas,public/commercial,No,No,Yes,1
245000,0.51,22,15100,2312,62,3,0,1.5,10,hot air,gas,septic,No,No,No,0
190000,0.53,4,4200,1594,54,3,0,2.5,6,hot air,gas,public/commercial,No,No,No,0
225570,0.37,27,23800,1616,64,3,1,3,8,hot water/steam,gas,public/commercial,No,No,No,1
204900,0.39,29,24600,1734,63,4,1,2.5,7,hot water/steam,oil,public/commercial,No,No,No,1
650000,0.34,3,82400,3770,62,4,1,2.5,12,hot air,gas,public/commercial,No,No,Yes,1
500000,1,70,35900,1492,63,3,0,1,7,hot air,oil,septic,No,No,No,0
380000,0.74,17,23000,2944,57,5,1,2.5,12,hot air,gas,septic,No,No,Yes,1
169900,0.06,27,16400,1452,64,3,1,1.5,5,hot air,gas,public/commercial,No,No,Yes,1
167000,0.51,31,34600,1611,64,3,1,1.5,4,hot air,gas,public/commercial,No,No,No,1
272800,0.08,46,183300,2225,62,4,1,2,9,hot air,gas,septic,No,No,No,1
132870,0.06,17,1600,1480,40,3,1,1.5,5,hot water/steam,gas,public/commercial,No,No,No,1
136500,0.62,12,5400,896,44,3,0,2,5,hot air,gas,septic,No,No,No,0
326900,1,15,83600,2692,63,3,1,3.5,8,hot air,gas,public/commercial,No,No,Yes,1
240000,0.45,35,32300,1846,64,3,1,1.5,6,hot air,gas,public/commercial,No,No,No,1
195388,0.14,0,35200,2124,57,3,1,2.5,10,hot air,gas,public/commercial,No,No,Yes,1
235000,0.22,34,72000,1578,57,3,0,2,8,hot water/steam,gas,public/commercial,No,No,Yes,0
319000,0.46,26,48000,2588,64,4,1,2.5,12,hot air,oil,public/commercial,No,No,Yes,1
194670,0.28,124,7400,2592,36,4,0,1.5,12,hot air,gas,public/commercial,No,No,No,0
206500,0.5,35,34500,1956,64,4,0,2,7,hot air,gas,public/commercial,No,No,Yes,0
167000,0.16,18,15100,1184,40,3,0,2,8,electric,electric,public/commercial,No,No,No,0
276000,0.21,62,107000,1579,57,3,1,2,4,hot air,oil,public/commercial,No,No,Yes,1
140000,0.23,25,8300,1576,52,4,1,1.5,5,hot air,gas,public/commercial,No,No,Yes,1
190000,0.57,35,34900,2064,64,4,1,2.5,6,hot air,gas,public/commercial,No,No,Yes,1
218500,0.17,115,55800,1510,62,3,0,1,8,hot water/steam,gas,public/commercial,No,No,No,0
330850,0.46,0,89600,2515,57,4,1,2.5,8,hot air,gas,public/commercial,No,No,No,1
198900,0.47,7,25500,1889,64,4,1,2.5,8,hot air,gas,public/commercial,No,No,Yes,1
110500,0.08,17,17200,1480,64,3,1,1.5,5,hot air,gas,public/commercial,No,No,Yes,1
173000,0.33,32,54800,1640,57,4,0,1.5,9,hot air,gas,public/commercial,No,No,Yes,0
152500,0.37,26,37500,1693,64,3,1,1.5,8,hot air,gas,public/commercial,No,No,Yes,1
167000,0.07,26,16800,1290,64,2,1,1.5,7,hot air,gas,public/commercial,No,No,Yes,1
159900,0.25,35,50000,936,62,3,0,1,4,hot air,gas,public/commercial,No,No,No,0
422680,0.16,176,46200,4486,51,6,1,4,12,hot water/steam,gas,public/commercial,No,No,No,1
221000,0.29,5,7400,2270,35,4,0,2.5,10,hot water/steam,gas,public/commercial,No,No,No,0
182500,0.5,29,29000,2079,64,4,1,2.5,7,hot water/steam,gas,public/commercial,No,No,No,1
104000,0.07,18,16800,1480,64,3,1,1.5,4,hot air,gas,public/commercial,No,No,Yes,1
205000,0.33,16,27000,2118,54,4,1,2,10,electric,electric,public/commercial,No,No,No,1
315000,4.1,15,26600,2550,54,3,0,2.5,7,hot water/steam,oil,septic,No,No,No,0
245000,0.48,23,48500,2462,64,5,2,3.5,8,hot air,gas,public/commercial,No,No,Yes,1
183500,0.28,57,23200,1121,61,3,0,1.5,4,hot air,oil,septic,No,No,No,0
186000,0.55,0,4400,2000,52,4,0,2.5,7,hot air,gas,public/commercial,No,Yes,No,0
156000,0.16,19,15100,1184,51,3,0,2,7,hot air,gas,public/commercial,No,No,No,0
265000,0.45,43,27000,2564,64,4,1,2.5,11,hot water/steam,gas,public/commercial,No,No,No,1
329000,0.46,3,16100,2413,63,4,1,1.5,11,hot air,gas,public/commercial,No,No,Yes,1
126400,0.28,22,19500,1375,64,2,1,1.5,7,electric,electric,public/commercial,No,No,Yes,1
155000,0.09,25,17600,1290,63,2,1,1.5,5,hot air,gas,public/commercial,No,No,Yes,1
165000,0.42,10,26200,1433,64,3,1,2,5,hot air,gas,septic,No,No,Yes,1
105000,0.16,20,15700,912,54,2,0,1.5,3,electric,electric,public/commercial,No,No,No,0
140000,1,24,21000,1008,52,2,0,1,3,hot air,gas,septic,No,No,Yes,0
227000,1.8,201,25500,1876,52,3,0,2.5,5,hot air,oil,septic,No,No,No,0
245000,0.36,106,35900,1836,51,4,1,1.5,6,hot air,gas,public/commercial,No,No,No,1
70500,0.09,57,1000,884,36,3,0,1,7,hot air,gas,public/commercial,No,No,No,0
224000,0.33,31,26500,2026,63,3,1,2.5,7,hot air,gas,public/commercial,No,No,No,1
405000,0.58,6,80000,3124,57,4,1,3,9,hot air,gas,septic,No,No,No,1
225000,0.33,16,27000,2527,54,3,0,1.5,8,electric,electric,public/commercial,No,No,No,0
206000,0.01,13,1000,1800,36,3,1,2.5,7,hot air,gas,septic,No,No,Yes,1
166000,0.95,13,9500,1480,51,3,1,2,4,hot air,gas,septic,No,No,Yes,1
137000,0.12,50,89000,1290,57,2,0,1,3,hot water/steam,gas,public/commercial,No,No,No,0
108000,0.32,30,6500,1628,44,2,1,1.5,4,hot water/steam,oil,septic,No,No,No,1
97000,0.16,19,15700,912,52,2,0,1.5,3,electric,electric,public/commercial,No,No,No,0
436023,0.41,5,43400,2718,61,4,1,2.5,12,hot air,gas,public/commercial,No,No,Yes,1
171500,0.31,37,21500,1782,63,3,1,1.5,6,hot water/steam,gas,public/commercial,No,No,No,1
183853,0.14,18,19600,1343,64,2,1,1.5,4,hot air,gas,public/commercial,No,No,Yes,1
208000,0.53,16,37500,1585,64,3,1,1,6,hot air,gas,public/commercial,No,No,Yes,1
335000,3.28,11,39900,1900,43,3,1,2.5,9,hot air,oil,septic,No,No,Yes,1
82800,0.11,225,3900,1483,52,3,0,1,7,hot air,gas,public/commercial,No,No,No,0
168000,0.08,9,1000,1536,36,3,0,1.5,7,hot air,gas,septic,No,No,Yes,0
130000,0.18,18,18800,1480,64,3,0,1.5,4,electric,electric,public/commercial,No,No,No,0
174000,0.16,35,54900,864,62,2,0,1,6,hot air,gas,public/commercial,No,No,Yes,0
180000,0.57,102,25800,1969,77,4,2,1,6,hot water/steam,oil,septic,No,No,No,1
355063,0.36,0,13000,2256,64,4,1,2.5,8,hot air,gas,septic,No,Yes,Yes,1
199000,1.42,32,48300,2529,64,3,1,2,7,hot air,gas,septic,No,No,Yes,1
194500,0.17,40,37600,1504,57,4,0,1.5,6,hot air,gas,septic,No,No,No,0
485000,0.24,17,60200,1908,62,4,1,3.5,9,hot air,gas,public/commercial,No,No,Yes,1
186030,0.37,38,9300,1104,40,4,0,1,9,hot air,gas,septic,No,No,Yes,0
124000,0.09,13,6700,920,40,3,0,1,8,electric,electric,public/commercial,No,No,No,0
125000,0.24,33,49100,1368,57,3,0,1,7,hot air,gas,public/commercial,No,No,No,0
181280,0.39,26,9800,2248,40,4,0,1,10,hot air,gas,septic,No,No,No,0
209000,3.8,19,14400,1519,57,2,0,1,3,hot water/steam,oil,septic,No,No,No,0
191900,0.48,32,28200,2660,64,4,1,2.5,11,hot water/steam,gas,public/commercial,No,No,No,1
84950,0.13,0,15000,840,51,2,0,1,3,hot air,gas,public/commercial,No,Yes,No,0
625000,0.45,14,119500,5228,64,4,4,4,12,hot air,gas,public/commercial,No,No,Yes,1
245000,0.53,15,65800,2677,64,4,1,2.5,10,hot air,gas,public/commercial,No,No,Yes,1
195000,0.46,28,24500,1232,61,3,1,1,4,electric,electric,public/commercial,No,No,No,1
320900,0.46,7,36400,2873,63,4,1,2.5,8,hot air,gas,public/commercial,No,No,Yes,1
132500,0.21,77,3500,1379,36,3,0,1,7,hot air,gas,public/commercial,No,No,No,0
149000,0.49,32,64400,1564,57,4,1,1.5,9,hot air,gas,public/commercial,No,No,No,1
288650,0.08,0,49800,2242,57,3,0,2.5,10,hot air,gas,public/commercial,No,No,Yes,0
182500,0.46,20,13800,1475,57,3,1,2,8,hot air,gas,septic,No,No,No,1
243500,0.29,3,64400,1728,62,3,0,2.5,7,hot air,gas,public/commercial,No,No,Yes,0
189100,0.46,15,15700,1604,57,3,1,2.5,4,hot air,oil,septic,No,No,Yes,1
158500,0.17,19,15200,1406,40,2,0,1.5,7,electric,electric,public/commercial,No,No,No,0
307890,0.55,1,108900,2714,40,4,0,3,12,hot air,gas,public/commercial,No,Yes,No,0
295000,0.39,17,52400,1831,62,3,1,2.5,7,hot air,gas,public/commercial,No,No,Yes,1
300000,0.08,34,37300,2276,64,5,1,2.5,10,hot water/steam,gas,public/commercial,No,No,No,1
180000,0.32,17,27000,1765,54,5,1,2,9,hot water/steam,gas,public/commercial,No,No,No,1
327355,0.14,14,59400,1850,57,3,1,2.5,6,hot air,gas,public/commercial,No,No,Yes,1
126500,0.08,15,2100,1480,54,3,1,2.5,8,hot air,gas,public/commercial,No,No,No,1
101760,0.15,103,54000,1280,57,2,1,1,3,hot water/steam,gas,public/commercial,No,No,No,1
300000,0.92,19,5000,2144,36,3,1,2.5,8,hot air,oil,septic,No,No,Yes,1
340000,0.75,12,82500,2836,64,4,1,2.5,10,hot air,gas,public/commercial,No,No,Yes,1
248000,0.67,16,39600,1613,64,3,1,1.5,8,hot air,gas,public/commercial,No,No,Yes,1
140000,0.42,32,18500,1469,60,4,0,1.5,9,hot air,gas,septic,No,No,Yes,0
163000,0.23,30,19300,1249,63,3,0,1.5,8,hot air,gas,public/commercial,No,No,No,0
185000,0.33,16,27000,2191,54,3,1,2.5,8,electric,electric,public/commercial,No,No,No,1
118000,0.22,17,3400,1480,54,3,0,1.5,4,hot air,gas,public/commercial,No,No,No,0
155000,0.3,33,53000,1368,57,3,0,1,6,hot air,gas,public/commercial,No,No,No,0
100000,0.51,47,14600,1270,21,3,0,1,7,hot water/steam,oil,public/commercial,No,No,No,0
92000,0.28,18,6300,1527,52,4,0,2,7,hot air,oil,septic,No,No,No,0
180000,0.48,20,12500,1530,57,3,1,2,6,hot air,gas,septic,No,No,Yes,1
185000,0.03,3,27000,1428,57,2,1,2.5,6,hot air,gas,public/commercial,No,No,Yes,1
475000,12.2,19,111300,2599,63,3,1,2.5,11,hot air,electric,septic,No,No,Yes,1
647000,1.08,14,193300,2640,57,4,1,2.5,12,hot air,gas,septic,No,No,Yes,1
278500,0.16,17,5200,2600,38,4,0,3,12,electric,electric,septic,No,No,No,0
150414,0.46,32,5800,1040,47,3,1,1.5,5,hot water/steam,oil,public/commercial,No,No,No,1
243000,0.82,12,3700,2443,44,3,0,2.5,6,hot air,gas,septic,No,No,No,0
112000,0.02,19,14900,1281,63,2,1,2.5,6,hot air,gas,public/commercial,No,No,Yes,1
285000,0.98,25,15900,1400,57,3,1,2,5,electric,electric,septic,No,No,No,1
131000,2.8,114,28300,1594,36,7,0,1,10,hot water/steam,oil,septic,No,No,No,0
145000,3,26,4500,1170,39,4,0,1.5,5,hot air,oil,septic,No,No,No,0
115000,0.14,16,21000,1480,64,2,1,2,5,electric,electric,public/commercial,No,No,Yes,1
100000,0.2,14,7200,1034,54,2,0,1.5,5,hot water/steam,gas,public/commercial,No,No,No,0
260000,5.35,37,137800,1676,62,4,0,2,8,hot air,oil,septic,No,No,Yes,0
86060,0.11,0,15000,840,51,2,0,1,3,hot air,gas,public/commercial,No,Yes,Yes,0
248220,0.46,0,89600,2550,57,3,1,2.5,7,hot air,gas,public/commercial,No,No,Yes,1
238000,0.2,50,70000,1286,62,5,0,2,10,hot water/steam,gas,public/commercial,No,No,No,0
650000,0.43,2,87800,2754,57,3,1,2.5,10,hot air,gas,public/commercial,No,No,Yes,1
101000,0.17,18,15800,912,52,2,0,2,3,electric,electric,public/commercial,No,No,No,0
131600,0.16,17,15100,1385,54,2,1,1.5,7,electric,electric,public/commercial,No,No,No,1
201000,0.54,29,30200,3140,64,5,1,3.5,10,hot water/steam,gas,public/commercial,No,No,No,1
334000,0.32,116,16400,1668,51,3,0,2,5,hot air,gas,public/commercial,No,No,No,0
259900,0.46,11,27400,2212,63,4,1,2.5,10,hot air,oil,public/commercial,No,No,Yes,1
151000,0.37,33,57200,1239,62,3,1,1,7,hot air,gas,public/commercial,No,No,Yes,1
355000,0.43,7,39000,2330,64,4,1,2.5,7,hot air,gas,public/commercial,No,No,Yes,1
330000,0.12,113,51300,1896,57,4,0,1.5,8,hot water/steam,oil,public/commercial,No,No,No,0
95000,0.17,134,2300,1256,38,3,0,2,5,hot air,gas,public/commercial,No,No,No,0
134900,0.24,10,8000,1782,52,3,0,2.5,6,hot air,gas,public/commercial,No,No,Yes,0
244900,0.38,26,40100,2742,77,3,1,3,8,hot air,oil,septic,No,No,No,1
162900,0.12,20,18200,1314,64,2,1,1.5,5,electric,electric,public/commercial,No,No,No,1
195160,0.32,0,35000,1863,64,3,1,2.5,9,hot air,gas,public/commercial,No,No,No,1
286000,0.47,7,20000,2004,63,4,1,2.5,10,hot air,gas,public/commercial,No,No,No,1
133000,1.29,14,10300,1676,44,2,1,2,3,hot air,electric,septic,No,No,Yes,1
150000,0.78,54,24500,1554,71,3,1,1.5,5,hot air,oil,septic,No,No,Yes,1
250000,0.62,14,31600,1529,64,2,1,2,6,hot air,gas,septic,No,No,Yes,1
310000,1.75,14,20600,1300,40,3,0,2,4,electric,electric,septic,No,No,No,0
165000,1,40,17000,1664,62,3,1,2,8,hot water/steam,oil,septic,No,No,No,1
114000,0.26,26,4600,1700,39,3,1,1.5,4,hot water/steam,oil,public/commercial,No,No,No,1
133500,0.36,19,27000,1508,52,3,1,2,6,hot air,gas,public/commercial,No,No,No,1
133000,0.15,15,2500,1008,36,3,0,1,4,hot air,gas,public/commercial,No,No,No,0
166500,0.06,20,16400,1314,64,2,1,1.5,4,electric,electric,public/commercial,No,No,Yes,1
182500,1,34,25200,1594,63,3,1,1.5,5,hot air,gas,septic,No,No,No,1
195000,0.76,4,18100,1016,62,3,0,1.5,5,hot air,gas,septic,No,No,No,0
340455,0.38,0,84800,2886,57,4,1,2.5,10,hot air,gas,public/commercial,No,No,Yes,1
189000,0.81,53,21600,1210,64,3,0,1,7,hot water/steam,gas,septic,No,No,No,0
130000,0.16,25,15100,1080,54,2,1,1,4,hot air,gas,public/commercial,No,No,Yes,1
220000,0.66,36,35300,1724,63,3,0,1.5,8,electric,electric,septic,No,No,No,0
174000,0.64,9,3000,2115,44,4,1,2.5,7,hot water/steam,gas,septic,No,No,No,1
138000,1,19,17600,1552,57,3,1,2,4,electric,electric,septic,No,No,No,1
146000,0.5,35,28000,1984,64,3,0,1.5,8,hot water/steam,gas,septic,No,No,No,0
149900,0.63,11,17900,960,54,2,0,2,5,hot water/steam,gas,public/commercial,No,No,No,0
150000,0.77,7,30000,1334,52,3,0,1.5,4,hot air,gas,public/commercial,No,No,No,0
132500,0.37,19,13000,1988,63,2,0,1,5,electric,electric,public/commercial,No,No,No,0
305000,0.92,16,35900,2290,75,4,1,2,7,hot water/steam,oil,septic,No,No,No,1
166900,0.75,3,1700,1272,38,3,0,1.5,7,hot air,gas,septic,No,No,No,0
388500,0.46,14,36600,2227,64,4,1,2.5,10,hot air,gas,public/commercial,No,No,Yes,1
342202,0.44,1,108900,2711,40,4,1,2.5,9,hot air,gas,public/commercial,No,Yes,Yes,1
125000,0.28,16,22000,1140,64,2,1,2,6,hot air,gas,public/commercial,No,No,Yes,1
164400,0.34,1,36200,1516,64,3,1,2,5,hot air,gas,public/commercial,No,Yes,Yes,1
195000,0.11,19,49800,1311,62,3,0,1.5,8,hot air,gas,public/commercial,No,No,Yes,0
212000,0.34,21,27000,1508,51,3,0,1.5,4,electric,electric,public/commercial,No,No,No,0
123000,0.07,77,14100,708,57,2,1,1,7,hot air,oil,septic,No,No,No,1
279900,0.55,2,39500,2022,63,4,1,2.5,9,hot air,gas,public/commercial,No,No,No,1
230500,0.59,18,69500,1822,57,4,0,2.5,6,hot air,gas,public/commercial,No,No,Yes,0
189900,0.98,16,11200,2570,36,3,0,1.5,10,hot water/steam,oil,septic,No,No,No,0
250000,0.46,17,18400,2068,57,4,1,2.5,10,hot air,gas,septic,No,No,Yes,1
89900,0,88,2500,936,57,3,0,1,4,hot water/steam,gas,public/commercial,No,No,No,0
217500,0.56,35,30800,2700,63,4,1,2.5,10,hot water/steam,gas,public/commercial,No,No,No,1
262000,0.46,0,11100,2364,33,4,1,2.5,8,hot air,gas,public/commercial,No,No,No,1
280000,0.85,18,40800,1897,64,4,1,2.5,7,hot air,gas,public/commercial,No,No,Yes,1
264900,0.5,40,29000,2652,63,5,1,3.5,12,hot water/steam,gas,public/commercial,No,No,No,1
236000,0.15,37,38800,1794,64,3,0,2,6,hot water/steam,oil,septic,No,No,No,0
193500,0.6,38,32000,2310,63,4,1,2.5,10,hot water/steam,gas,public/commercial,No,No,No,1
375000,0.03,19,27000,1900,62,2,1,2.5,7,hot air,gas,public/commercial,No,No,Yes,1
266500,0.52,18,13000,1608,64,3,0,2.5,4,electric,electric,public/commercial,No,No,No,0
178900,0.35,21,36500,1554,64,3,0,1,4,electric,electric,public/commercial,No,No,No,0
161600,0.24,34,49100,936,57,3,0,1.5,8,hot air,gas,public/commercial,No,No,No,0
150000,0.07,21,16800,1480,64,3,0,1.5,6,electric,electric,public/commercial,No,No,No,0
345000,0.82,15,15000,3142,57,4,1,2.5,11,hot air,gas,septic,No,No,No,1
380000,2,35,36600,2212,52,4,1,1.5,8,electric,electric,septic,No,No,No,1
371165,0.39,0,85400,2786,57,4,1,2.5,8,hot air,gas,public/commercial,No,No,No,1
79900,0.12,19,18200,924,64,2,0,1,7,hot air,gas,public/commercial,No,No,Yes,0
124000,1,17,3500,1056,57,3,0,1,8,electric,electric,septic,No,No,No,0
194900,0.39,9,20400,1099,51,2,0,1,3,hot air,gas,public/commercial,No,No,No,0
192500,1.2,42,17900,1116,62,2,0,1.5,6,hot air,oil,septic,No,No,No,0
88000,0.19,15,3400,1480,52,3,1,1.5,5,hot water/steam,gas,public/commercial,No,No,Yes,1
129900,0.39,3,15000,1620,35,3,0,2,4,hot air,gas,public/commercial,No,No,No,0
118000,0.14,19,18400,1479,64,3,0,1.5,5,hot air,gas,public/commercial,No,No,No,0
290000,1,33,21700,944,27,1,1,1,4,hot air,oil,septic,Yes,No,No,1
303374,0.12,1,56200,2242,57,3,0,3,6,hot air,gas,public/commercial,No,No,Yes,0
177500,0.32,16,27000,1561,52,4,1,1.5,9,hot air,gas,public/commercial,No,No,Yes,1
112000,0.16,116,6800,2326,27,3,0,2,7,hot air,oil,public/commercial,No,No,No,0
107325,0.1,126,1100,1134,38,3,0,1.5,7,hot air,gas,public/commercial,No,No,No,0
170000,0.35,17,37000,1656,64,3,1,1.5,8,hot air,gas,public/commercial,No,No,Yes,1
178000,0.9,46,7400,1453,36,4,1,1.5,7,hot air,oil,septic,No,No,No,1
187000,0.46,3,15200,1858,52,3,1,2.5,7,hot air,gas,septic,No,No,No,1
123500,0.15,17,15100,1385,54,2,0,1.5,4,electric,electric,public/commercial,No,No,No,0
140958,0.22,40,54500,775,57,2,0,1,7,hot water/steam,gas,public/commercial,No,No,No,0
350000,5.84,12,20000,2916,64,3,1,2.5,9,hot air,gas,public/commercial,No,No,Yes,1
123500,0.18,20,12600,1215,63,2,1,1.5,5,hot air,gas,public/commercial,No,No,No,1
160000,1.96,13,18400,1512,57,2,0,2,6,hot air,oil,septic,No,No,No,0
115000,0.16,20,15700,912,54,2,0,1.5,5,electric,electric,public/commercial,No,No,No,0
238600,0.46,1,36400,2404,64,4,1,2.5,10,hot air,gas,public/commercial,No,No,No,1
140000,0.44,56,19400,1544,71,3,1,1.5,7,hot air,oil,septic,No,No,Yes,1
270000,0.38,18,82800,2078,64,4,1,2.5,8,hot air,electric,septic,No,No,Yes,1
135500,0.67,56,21100,1152,64,1,0,2,3,hot air,gas,septic,No,No,No,0
120000,0.29,19,20300,1228,64,4,0,1.5,9,electric,electric,public/commercial,No,No,No,0
186000,0.35,37,23500,1056,64,3,0,1,4,hot water/steam,gas,public/commercial,No,No,No,0
295000,0.95,9,78000,2380,82,3,1,2.5,6,hot air,gas,septic,No,No,No,1
223000,0.12,110,89000,1460,62,2,0,1,5,hot water/steam,gas,public/commercial,No,No,No,0
318310,0.23,1,72300,2616,62,4,1,2.5,8,hot air,gas,septic,No,No,No,1
165000,0.33,32,22500,2104,63,5,1,1.5,11,hot water/steam,gas,public/commercial,No,No,No,1
120000,0.17,16,15100,1492,52,3,1,2.5,6,electric,electric,public/commercial,No,No,No,1
140000,0.36,35,56600,936,57,3,0,1,7,hot air,gas,public/commercial,No,No,No,0
87000,0.06,19,16400,1480,64,3,0,1.5,5,electric,electric,public/commercial,No,No,No,0
373490,0.19,0,74800,3170,57,4,1,3.5,12,hot air,gas,public/commercial,No,Yes,No,1
148900,0.15,18,15100,1385,40,2,0,1.5,6,electric,electric,public/commercial,No,No,No,0
150410,0.25,6,15000,1058,35,2,0,1.5,4,hot air,gas,public/commercial,No,No,No,0
365000,0.69,13,21900,2516,57,4,0,2.5,11,hot air,oil,septic,No,No,Yes,0
229000,0.87,9,41100,2219,64,3,1,2,8,hot air,gas,public/commercial,No,No,No,1
157500,0.3,31,24500,1778,63,3,1,1.5,7,hot air,gas,public/commercial,No,No,No,1
203600,0.59,33,31700,2576,64,4,1,2.5,9,hot water/steam,gas,public/commercial,No,No,No,1
460000,0.47,1,14100,3336,63,4,1,3.5,12,hot air,gas,public/commercial,No,No,Yes,1
190400,0.17,16,49500,1920,57,3,1,1.5,9,hot air,gas,public/commercial,No,No,No,1
476000,0.42,4,87200,2246,57,3,1,2.5,9,hot air,gas,public/commercial,No,No,Yes,1
174900,0.62,38,15100,1368,63,3,0,1.5,6,hot air,gas,septic,No,No,No,0
180000,0.52,10,2500,1632,38,3,0,2,8,hot air,gas,septic,No,No,No,0
204000,0.86,16,4300,2016,36,3,0,1.5,5,hot water/steam,oil,septic,No,No,No,0
175000,0.63,14,5500,1224,36,3,0,1.5,7,hot air,gas,septic,No,No,No,0
180000,0.04,13,16500,1612,54,4,0,2,7,hot air,gas,public/commercial,No,No,Yes,0
182000,1,16,26600,1310,52,3,1,2,7,electric,electric,septic,No,No,No,1
233000,0.26,30,21900,1902,64,3,1,1.5,5,hot air,gas,public/commercial,No,No,Yes,1
137900,0.16,17,15100,1592,54,3,0,1.5,7,electric,electric,public/commercial,No,No,No,0
135000,0.35,22,12000,1336,62,2,1,1.5,4,electric,electric,septic,No,No,Yes,1
219900,0.46,8,38100,1847,63,3,1,2.5,7,hot air,gas,public/commercial,No,No,Yes,1
269900,0.4,25,25000,1938,63,4,1,2.5,8,hot water/steam,gas,public/commercial,No,No,No,1
149900,0.06,19,16400,1479,63,3,1,1.5,4,electric,electric,public/commercial,No,No,Yes,1
189900,0.33,14,11900,1756,54,4,0,2,8,hot air,gas,public/commercial,No,No,Yes,0
222400,0.86,3,35600,1976,64,3,1,2.5,8,hot air,gas,septic,No,No,No,1
140000,1,78,21200,1152,64,2,0,1,6,hot water/steam,oil,septic,No,No,No,0
179900,0.46,1,15200,2026,52,4,1,2.5,6,hot air,gas,septic,No,No,No,1
142900,0.36,32,50600,1824,57,4,1,2.5,10,hot air,gas,public/commercial,No,No,Yes,1
295000,0.49,4,36900,2302,63,4,1,2.5,7,hot air,gas,public/commercial,No,No,Yes,1
154900,0.51,33,34600,1648,64,3,0,1.5,8,hot air,gas,public/commercial,No,No,Yes,0
150000,0.52,34,14000,1664,63,3,0,1.5,8,hot water/steam,oil,septic,No,No,No,0
180000,1,19,49300,1220,63,3,0,2,5,electric,electric,public/commercial,No,No,No,0
279550,1.34,0,44400,2479,71,4,1,2.5,10,hot air,gas,septic,No,No,No,1
173000,0.31,16,27000,1527,54,2,1,2,5,hot air,gas,public/commercial,No,No,Yes,1
173000,0.14,26,15100,1602,40,2,1,1.5,7,hot air,gas,public/commercial,No,No,Yes,1
130000,0.16,25,15100,1080,54,2,1,1,5,hot air,gas,public/commercial,No,No,Yes,1
185000,0.53,35,66500,1104,62,2,0,1,3,hot air,gas,public/commercial,No,No,Yes,0
389000,1,16,125900,2354,57,3,2,2.5,6,electric,electric,septic,No,No,Yes,1
92500,0.15,18,15700,912,52,2,0,2,4,electric,electric,public/commercial,No,No,No,0
148000,0.33,17,27000,1561,52,3,1,1.5,6,hot air,gas,public/commercial,No,No,No,1
60000,0.21,82,8500,924,35,2,0,1,6,hot water/steam,oil,septic,No,No,No,0
109900,0.16,19,15100,1184,52,3,0,1.5,8,hot water/steam,gas,public/commercial,No,No,No,0
272699,0.3,1,108900,2366,40,4,1,3,7,hot air,gas,public/commercial,No,Yes,Yes,1
138000,0.87,36,17400,876,62,2,2,1.5,3,hot air,oil,septic,No,No,No,1
138000,0.31,39,25100,1672,63,4,0,1.5,5,hot air,gas,public/commercial,No,No,No,0
150000,0.26,49,41900,1064,64,3,0,1,8,hot air,gas,septic,No,No,Yes,0
292500,0.47,19,75200,2376,63,3,1,2.5,8,hot air,gas,public/commercial,No,No,Yes,1
242000,0.11,15,42000,2002,63,3,1,2.5,8,hot air,gas,public/commercial,No,No,Yes,1
135000,0.66,155,25200,1080,64,2,1,1,3,hot water/steam,oil,septic,No,No,No,1
200640,0.08,0,32000,2332,52,4,0,2.5,9,hot air,gas,public/commercial,No,Yes,No,0
178500,1,12,32000,1952,71,3,2,2,9,hot air,oil,septic,No,No,No,1
329900,0.5,9,37800,2368,63,4,1,2.5,11,hot air,gas,public/commercial,No,No,Yes,1
354000,0.46,30,56600,2462,62,5,1,2.5,10,hot air,gas,public/commercial,No,No,Yes,1
205000,0.47,6,25500,1845,64,3,1,2.5,9,hot air,gas,public/commercial,No,No,No,1
224000,0.52,40,29600,3074,64,7,1,2.5,12,hot water/steam,gas,septic,No,No,No,1
220000,0.18,53,101000,1146,62,4,0,1.5,7,hot water/steam,gas,public/commercial,No,No,No,0
210000,0.49,15,25000,1592,54,3,1,1.5,7,hot air,gas,septic,No,No,No,1
233000,0.14,129,93000,1699,62,4,0,1,9,hot water/steam,gas,public/commercial,No,No,No,0
265000,1,25,21700,1900,54,3,0,2,7,electric,electric,septic,No,No,No,0
179000,0.14,19,21000,1364,63,2,1,1.5,5,hot air,gas,public/commercial,No,No,Yes,1
196500,0.46,30,30400,1874,63,4,1,2,9,hot air,gas,public/commercial,No,No,No,1
159000,0.16,18,15100,1592,40,3,0,1.5,8,electric,electric,public/commercial,No,No,No,0
245000,0.04,6,28800,1544,63,3,0,2.5,8,hot air,gas,public/commercial,No,No,No,0
146500,0.44,25,13200,1634,57,3,1,1.5,8,hot air,gas,septic,No,No,Yes,1
166000,0.48,26,31200,1508,64,4,1,1.5,5,hot water/steam,gas,public/commercial,No,No,No,1
66000,0.14,19,18400,945,63,2,0,1,3,electric,electric,public/commercial,No,No,Yes,0
178000,0.47,27,32000,1338,64,3,1,2,7,hot air,oil,public/commercial,No,No,No,1
155000,0.37,18,2500,1008,36,3,0,1,7,electric,electric,septic,No,No,No,0
272000,0.87,10,41100,2219,63,3,1,2,10,hot air,gas,public/commercial,No,No,No,1
166000,0.1,21,18000,1480,64,2,1,1.5,7,electric,electric,public/commercial,No,No,No,1
181115,0.92,0,22300,1953,51,3,0,2.5,6,hot water/steam,gas,septic,No,No,No,0
135000,0.23,135,8100,1344,52,3,0,1,5,hot water/steam,gas,public/commercial,No,No,No,0
93000,0.1,14,2600,1480,52,3,1,1.5,6,hot air,gas,public/commercial,No,No,No,1
325000,2.29,123,12600,2894,51,7,0,1,12,hot air,oil,septic,No,No,No,0
305000,0.33,10,35400,2368,64,4,1,2.5,7,hot air,gas,public/commercial,No,No,Yes,1
265000,0.65,37,33500,2564,64,4,1,2.5,8,hot water/steam,gas,public/commercial,No,No,No,1
352000,0.95,2,49200,3126,54,4,0,2.5,12,hot air,oil,septic,No,No,Yes,0
137000,0.16,18,15700,912,54,2,1,1.5,6,electric,electric,public/commercial,No,No,No,1
170000,1.21,23,14600,1662,35,4,1,1.5,9,hot air,oil,septic,No,No,No,1
232478,1,0,15900,2598,51,4,1,2.5,9,hot air,gas,none,No,No,No,1
149900,0.87,19,93300,2028,57,4,0,2,10,hot air,oil,public/commercial,No,No,No,0
150000,0.19,123,103000,934,57,2,0,1,7,hot water/steam,gas,public/commercial,No,No,No,0
105400,0.15,15,15100,1240,52,2,0,1.5,7,electric,electric,public/commercial,No,No,No,0
220300,0.58,16,38200,2006,63,3,1,2,5,hot air,gas,public/commercial,No,No,Yes,1
200000,0.96,45,8700,1392,62,3,0,1,5,hot air,gas,septic,No,No,No,0
65000,0.34,74,24800,1692,60,4,0,1.5,8,electric,electric,septic,No,No,No,0
108000,0.9,48,19000,1042,71,2,1,2,3,hot air,gas,septic,No,No,No,1
45000,0.52,75,3900,912,44,2,0,1,4,hot air,gas,septic,No,No,No,0
175000,0.47,15,27200,1768,52,3,1,2,5,electric,electric,septic,No,No,No,1
235000,0.47,37,27800,1872,64,4,1,2.5,9,hot water/steam,gas,public/commercial,No,No,No,1
215000,2.96,19,11000,1488,57,3,0,1.5,8,electric,electric,septic,No,No,No,0
440000,0.19,3,97300,1702,52,2,0,2,4,hot water/steam,gas,septic,Yes,No,No,0
265000,0.32,42,144900,1092,62,2,0,2,4,hot air,gas,public/commercial,No,No,Yes,0
145000,0.07,16,1800,1480,40,2,1,2.5,3,hot air,electric,public/commercial,No,No,Yes,1
190000,0.53,39,34700,1624,61,3,0,1,4,hot air,gas,public/commercial,No,No,No,0
290000,0.51,7,39100,2362,64,4,1,2.5,8,hot air,gas,public/commercial,No,No,No,1
159650,1,3,5200,1106,44,3,0,1,8,hot air,gas,septic,No,No,No,0
195900,0.4,34,30000,1672,64,3,1,0,5,hot air,gas,public/commercial,No,No,No,1
195000,0.48,39,28200,2310,63,5,1,2.5,11,hot water/steam,gas,public/commercial,No,No,No,1
144500,0.15,18,15100,1673,40,2,0,2,5,electric,gas,public/commercial,No,No,No,0
145000,0.16,21,15700,912,40,2,1,1.5,3,hot air,gas,public/commercial,No,No,No,1
165200,0.3,34,53000,1279,62,2,0,1,5,hot air,gas,public/commercial,No,No,No,0
234900,0.01,1,43300,2277,63,4,0,2.5,8,hot air,gas,public/commercial,No,Yes,Yes,0
179000,0.09,15,25500,1558,63,2,0,2.5,7,hot air,gas,public/commercial,No,No,No,0
260000,0.63,39,32900,2310,64,5,1,2.5,9,hot water/steam,gas,public/commercial,No,No,No,1
165000,0.32,32,54200,1286,57,3,1,1,6,hot air,gas,public/commercial,No,No,Yes,1
125000,0.25,33,50000,1368,57,3,0,1,5,hot air,gas,public/commercial,No,No,No,0
166500,0.31,16,27000,1508,52,3,1,2,6,electric,electric,public/commercial,No,No,No,1
150000,0.38,34,57800,1668,62,4,1,1.5,5,hot air,gas,public/commercial,No,No,No,1
198900,0.44,18,33200,1847,64,3,1,2.5,7,hot water/steam,gas,public/commercial,No,No,No,1
185000,0.06,27,16400,1260,64,2,1,1.5,6,hot air,gas,public/commercial,No,No,Yes,1
75500,0.13,124,1500,1302,38,3,0,2,8,hot air,gas,public/commercial,No,No,No,0
123500,0.15,17,15100,1385,54,2,0,1.5,5,electric,electric,public/commercial,No,No,No,0
102900,0.15,17,15700,912,52,2,0,1.5,3,electric,gas,public/commercial,No,No,No,0
160000,0.16,21,15100,1184,40,3,0,2,4,electric,electric,public/commercial,No,No,No,0
337020,0.15,1,114000,2162,57,3,1,2.5,7,hot air,gas,public/commercial,No,No,Yes,1
282000,0.87,12,56300,1836,61,4,1,1.5,6,hot air,gas,public/commercial,No,No,Yes,1
159000,0.39,43,29600,1456,64,4,0,2.5,9,hot air,gas,septic,No,No,No,0
187000,0.57,45,33200,2088,63,4,1,2,8,hot water/steam,gas,septic,No,No,No,1
160600,0.15,20,15100,1406,40,2,0,1.5,3,electric,electric,public/commercial,No,No,No,0
379000,0.68,9,57200,3080,64,4,1,2.5,12,hot air,gas,public/commercial,No,No,Yes,1
165000,0.29,34,52400,1612,57,3,1,1,5,hot air,gas,public/commercial,No,No,No,1
195000,0.41,32,27100,1954,71,4,0,2.5,8,hot air,gas,septic,No,No,Yes,0
275000,0.38,18,60800,2445,82,4,2,2.5,9,hot air,gas,public/commercial,No,No,Yes,1
98500,0.08,18,17200,1480,64,3,0,1.5,4,hot air,gas,public/commercial,No,No,Yes,0
200000,1.73,34,11500,1296,50,3,0,1,5,hot water/steam,oil,septic,No,No,No,0
250000,1.29,19,21600,2100,57,4,1,3,7,hot air,gas,septic,No,No,Yes,1
171500,0.07,20,16800,1479,64,3,1,1.5,4,electric,electric,public/commercial,No,No,Yes,1
658300,0.69,3,101500,3208,62,4,1,2.5,11,hot air,gas,public/commercial,No,No,Yes,1
465000,0.25,22,61000,2310,57,2,1,3,7,hot air,gas,public/commercial,No,No,Yes,1
293000,1.94,5,110000,2111,40,3,1,2,9,hot air,gas,septic,No,No,Yes,1
135000,0.38,48,21300,1411,71,3,1,1,5,hot air,gas,septic,No,No,No,1
137500,0.16,17,15700,988,54,2,1,2,3,electric,electric,public/commercial,No,No,No,1
300000,0.87,25,90800,3046,57,4,1,1.5,11,hot water/steam,gas,septic,No,No,No,1
111300,0.59,86,26000,1959,51,3,0,1,6,hot air,gas,septic,No,No,No,0
421000,0.31,5,80600,1911,62,3,1,2.5,6,hot air,gas,public/commercial,No,No,Yes,1
188500,0.05,19,16000,1302,64,2,0,1.5,6,hot air,gas,public/commercial,No,No,Yes,0
180377,0.35,1,37000,1820,64,3,1,2.5,6,hot air,gas,public/commercial,No,Yes,No,1
112000,0.13,25,18300,1260,64,2,1,1.5,5,hot air,gas,public/commercial,No,No,Yes,1
249000,0.53,8,38800,1462,63,3,1,2,5,hot air,gas,public/commercial,No,No,Yes,1
344100,1.05,40,49800,2608,52,4,2,2.5,8,hot air,gas,septic,No,No,Yes,1
190100,0.48,27,31700,1872,52,4,1,2.5,8,hot air,gas,septic,No,No,No,1
244000,0.33,18,27000,1561,40,3,1,1.5,4,electric,electric,public/commercial,No,No,No,1
520000,0.41,13,3100,2702,47,3,1,2.5,11,hot air,oil,public/commercial,No,No,No,1
184900,0.32,18,27000,1656,54,3,1,1.5,4,hot air,gas,public/commercial,No,No,No,1
382406,0.44,1,108900,2712,51,4,1,2.5,11,hot air,gas,public/commercial,No,Yes,Yes,1
374000,0.72,21,26000,3021,28,4,1,2.5,11,electric,electric,public/commercial,No,No,No,1
159000,0.17,22,15800,988,51,2,0,2,4,hot air,gas,public/commercial,No,No,No,0
125000,0.77,126,36300,1799,60,3,1,1,6,hot air,gas,septic,No,No,No,1
246000,0.34,20,27000,1472,40,3,1,2,6,hot air,gas,public/commercial,No,No,Yes,1
367000,0.03,19,27000,1815,62,2,1,2.5,5,hot air,gas,public/commercial,No,No,Yes,1
260000,0.42,27,25800,2310,64,4,1,2.5,10,hot water/steam,gas,public/commercial,No,No,No,1
119000,0.07,15,1800,1480,54,2,1,2.5,3,hot air,electric,public/commercial,No,No,Yes,1
129700,0.15,20,18500,924,63,2,1,1,5,hot air,gas,public/commercial,No,No,No,1
159900,0.7,84,4600,1274,36,4,1,1,6,hot water/steam,oil,septic,No,No,No,1
190000,0.44,38,31800,1612,63,3,0,1.5,6,hot air,gas,public/commercial,No,No,No,0
137500,0.16,17,15700,988,54,2,1,2,7,electric,electric,public/commercial,No,No,No,1
60000,0.01,13,1200,960,41,2,0,1.5,7,hot water/steam,gas,public/commercial,No,No,No,0
138000,1,22,16800,1326,57,3,0,2,5,electric,electric,septic,No,No,No,0
135600,0.51,34,16600,912,40,3,0,1,4,hot air,gas,septic,No,No,No,0
114900,0.46,41,5000,1144,44,3,0,1.5,6,hot air,gas,septic,No,No,No,0
142000,0.14,8,3700,1840,23,3,0,1,6,hot air,gas,public/commercial,No,No,No,0
225000,0.77,50,3000,792,20,2,1,1,7,hot water/steam,oil,septic,No,No,No,1
259900,1,2,49900,1851,71,2,2,2,4,hot air,gas,septic,No,No,Yes,1
100000,0.31,85,64400,840,62,2,0,1,3,hot water/steam,oil,public/commercial,No,No,No,0
152000,0.15,18,15700,912,54,2,0,1.5,7,electric,electric,public/commercial,No,No,No,0
430000,1.34,15,75700,2649,21,3,1,3,7,electric,electric,septic,Yes,No,No,1
275900,0.81,0,7300,2288,61,3,1,2.5,8,hot air,gas,public/commercial,No,Yes,No,1
147000,0.24,115,7200,1227,64,3,1,1,5,hot air,gas,public/commercial,No,No,No,1
132000,0.19,18,18900,1142,64,3,0,1.5,6,hot air,gas,public/commercial,No,No,Yes,0
113400,0.93,18,4500,1232,44,2,0,2,3,electric,electric,septic,No,No,No,0
204000,0.4,1,15000,2458,63,4,1,2.5,11,hot air,gas,public/commercial,No,No,No,1
348000,3.68,14,27200,2037,36,3,1,2,9,hot water/steam,oil,septic,No,No,No,1
145000,0.15,20,15100,1184,40,2,0,1.5,3,electric,electric,public/commercial,No,No,No,0
89900,0.46,66,3900,884,38,2,0,1,3,hot air,gas,septic,No,No,No,0
126000,0.68,64,84200,1080,57,2,0,1,7,hot air,oil,septic,No,No,No,0
219000,0.47,27,24600,1719,64,3,1,1.5,5,electric,electric,public/commercial,No,No,No,1
174000,0.13,16,18200,1120,64,2,1,1.5,6,hot air,gas,public/commercial,No,No,Yes,1
316250,0.04,0,74800,2648,62,4,1,2.5,11,hot air,gas,public/commercial,No,Yes,No,1
203000,0.06,16,45800,1290,62,2,0,1.5,7,hot air,gas,public/commercial,No,No,Yes,0
10300,0.16,20,15700,912,54,2,1,1.5,4,electric,electric,public/commercial,No,No,No,1
202000,1,12,500,1944,36,3,1,2.5,7,hot air,oil,none,No,No,No,1
217300,0.35,40,27800,1663,64,3,1,1,8,hot water/steam,gas,public/commercial,No,No,No,1
159900,0.17,21,15200,1184,40,3,0,2,4,electric,electric,public/commercial,No,No,No,0
146500,0.12,18,18200,1138,63,2,1,1,6,electric,electric,public/commercial,No,No,Yes,1
252500,0.21,80,115000,1155,62,4,0,1.5,7,hot water/steam,gas,public/commercial,No,No,No,0
254900,0.33,10,30000,2044,40,3,0,2,5,hot air,gas,public/commercial,No,No,No,0
162000,0.4,35,30000,1739,64,4,1,1.5,9,hot air,gas,public/commercial,No,No,Yes,1
225000,0.12,51,89000,1398,57,3,0,2.5,4,hot air,gas,public/commercial,No,No,Yes,0
216000,0.38,39,25000,1702,64,4,1,1.5,8,hot air,gas,public/commercial,No,No,No,1
171500,0.17,19,15200,1514,51,3,0,1.5,7,electric,electric,public/commercial,No,No,No,0
82000,0.46,17,4420,896,20,2,0,1,3,hot water/steam,oil,public/commercial,No,No,No,0
158000,0.36,10,12100,1348,52,2,1,2,3,hot air,gas,public/commercial,No,No,Yes,1
296000,0.02,8,14000,2506,57,4,2,2.5,10,hot air,gas,public/commercial,No,No,No,1
187900,0.4,32,30000,2464,64,5,1,2.5,9,hot air,gas,public/commercial,No,No,Yes,1
145200,0.2,15,3400,1480,54,2,1,2.5,4,hot air,gas,public/commercial,No,No,No,1
202000,0.43,15,25000,1300,54,3,0,1.5,4,hot air,gas,septic,No,No,No,0
179900,0.81,25,25000,2304,52,5,1,2.5,9,electric,electric,septic,No,No,No,1
314000,0.53,1,108900,3344,40,4,1,3.5,11,hot air,gas,public/commercial,No,Yes,No,1
243000,0.57,9,34900,1272,64,2,0,1.5,6,hot air,gas,public/commercial,No,No,No,0
159900,0.13,21,18300,1314,63,2,1,1.5,6,hot air,gas,public/commercial,No,No,Yes,1
182000,0.16,35,97000,1337,62,3,0,1,8,hot air,gas,public/commercial,No,No,Yes,0
180000,0.54,38,30200,2816,61,5,1,2.5,10,hot water/steam,gas,public/commercial,No,No,No,1
417000,0.13,6,46500,2742,64,4,1,2.5,11,hot air,gas,public/commercial,No,No,Yes,1
315371,1,1,3400,2331,36,4,1,2.5,8,hot air,gas,septic,No,No,No,1
322277,0.09,1,51400,2242,57,3,0,3,8,hot air,gas,public/commercial,No,No,Yes,0
179000,0.46,44,70200,864,57,2,0,1,7,hot air,gas,public/commercial,No,No,No,0
124000,0.35,33,8500,1056,62,3,0,1,7,hot water/steam,oil,septic,No,No,No,0
100000,0.15,18,15700,912,52,2,0,1.5,3,hot water/steam,gas,public/commercial,No,No,No,0
375000,0.12,69,195000,1452,62,3,1,2,5,hot water/steam,gas,public/commercial,No,No,No,1
189000,0.8,38,35500,1886,64,4,1,2.5,9,hot water/steam,gas,public/commercial,No,No,No,1
92509,0.52,13,4500,840,38,2,0,1,4,hot air,gas,septic,No,No,No,0
267500,0.24,14,8600,1822,40,3,0,2,9,hot air,gas,public/commercial,No,No,No,0
195000,0.47,19,14100,1475,62,3,0,1.5,7,hot air,gas,septic,No,No,No,0
275000,0.61,21,16100,2486,62,4,1,2.5,11,hot air,gas,septic,No,No,Yes,1
201880,0.46,19,18800,1676,35,3,1,2,7,hot air,gas,septic,No,No,No,1
159000,0.16,18,15100,1184,40,2,0,1.5,3,electric,electric,public/commercial,No,No,No,0
138000,0.38,15,1700,1040,38,2,0,1,3,electric,electric,septic,No,No,No,0
215000,0.29,27,33000,1665,63,4,1,2,5,hot air,gas,public/commercial,No,No,Yes,1
225000,2.37,8,3300,1784,44,3,1,2,6,hot water/steam,oil,septic,No,No,No,1
216900,0.4,38,8000,2395,40,3,1,1.5,6,hot air,gas,septic,No,No,Yes,1
127000,0.43,39,4900,960,38,3,0,1,6,hot air,gas,septic,No,No,Yes,0
287000,0.4,6,12000,2182,63,3,1,2.5,10,hot air,gas,public/commercial,No,No,No,1
205000,0.33,16,27000,2118,54,4,1,2,9,electric,electric,public/commercial,No,No,No,1
139062,0.69,33,6500,1440,44,3,2,2,6,hot water/steam,gas,septic,No,No,No,1
204900,0.34,20,13000,1437,64,3,0,1.5,8,electric,electric,public/commercial,No,No,No,0
120000,0.21,19,14700,1480,63,3,0,1.5,7,electric,electric,public/commercial,No,No,Yes,0
125500,0.06,19,16400,1479,63,3,1,1.5,5,hot air,gas,public/commercial,No,No,Yes,1
725000,0.21,3,70600,2586,62,4,1,3,10,hot air,gas,public/commercial,No,No,Yes,1
145000,0.27,33,63700,1686,57,4,1,1.5,7,hot air,gas,public/commercial,No,No,No,1
410000,0.5,9,37800,2988,64,5,1,2.5,11,hot air,gas,public/commercial,No,No,No,1
218000,0.28,31,80800,1580,62,3,0,1.5,4,hot air,gas,public/commercial,No,No,Yes,0
191500,0.88,33,35900,2576,64,4,1,2.5,10,hot water/steam,gas,public/commercial,No,No,No,1
649000,1.04,10,192900,4128,57,3,2,3.5,12,hot air,gas,septic,No,No,Yes,1
128000,1,50,20500,792,40,2,0,1,4,hot water/steam,oil,septic,No,No,No,0
207000,0.27,27,4600,1744,50,3,0,1,7,hot air,oil,public/commercial,No,No,No,0
285558,0.21,0,32000,2879,54,4,0,3,8,hot air,gas,public/commercial,No,Yes,No,0
143000,0.35,21,11000,1176,64,3,0,1,7,electric,electric,public/commercial,No,No,No,0
272500,0.32,18,27000,2212,40,4,1,2.5,10,hot air,gas,public/commercial,No,No,Yes,1
220000,0.63,20,17700,1596,52,3,1,2,6,hot water/steam,gas,septic,No,No,No,1
113000,0.46,53,9200,1452,52,3,0,2,7,hot water/steam,oil,septic,No,No,Yes,0
166000,0.14,0,35200,1258,57,3,0,2,8,hot air,gas,public/commercial,No,No,Yes,0
287600,0.07,0,48200,2242,57,3,0,2.5,6,hot air,gas,public/commercial,No,No,Yes,0
25000,0.21,75,900,920,44,2,0,1,6,hot air,oil,septic,No,No,No,0
260000,1.25,133,43500,2185,64,4,1,1.5,11,hot water/steam,gas,septic,No,No,No,1
222000,0.34,26,27000,1581,40,3,1,1.5,5,hot air,gas,public/commercial,No,No,No,1
210000,0.46,27,13800,1890,62,3,0,2.5,9,hot air,gas,septic,No,No,Yes,0
240000,4.21,38,70400,2204,51,3,2,2,8,hot water/steam,oil,septic,No,No,No,1
377500,1,21,116300,2886,64,4,2,2.5,9,hot air,gas,public/commercial,No,No,Yes,1
137500,0.1,12,18000,1566,64,2,0,1.5,7,hot air,gas,public/commercial,No,No,Yes,0
163500,0.28,21,28400,2202,64,3,1,2,10,electric,electric,public/commercial,No,No,Yes,1
122000,0.12,31,18200,1431,63,3,0,1.5,8,hot air,gas,public/commercial,No,No,Yes,0
183000,0.46,28,15700,1804,62,3,1,1.5,7,electric,electric,septic,No,No,No,1
249900,0.86,36,35800,2680,63,5,1,3.5,12,hot water/steam,gas,public/commercial,No,No,Yes,1
169000,0.04,103,36000,1408,57,2,0,1,3,hot air,gas,public/commercial,No,No,No,0
123000,0.15,17,15100,1679,54,2,0,1.5,4,electric,electric,public/commercial,No,No,No,0
315000,0.07,15,200,1863,47,3,1,3.5,7,hot air,gas,public/commercial,No,No,Yes,1
253750,2,0,49800,2816,71,4,1,2.5,12,hot air,gas,none,No,No,Yes,1
194000,6.15,64,73500,1960,64,3,1,1.5,9,hot water/steam,oil,septic,No,No,No,1
239505,0.37,1,108900,2244,40,3,1,2.5,10,hot air,gas,public/commercial,No,Yes,No,1
180000,0.46,36,32700,1922,63,4,1,1.5,9,hot air,gas,public/commercial,No,No,Yes,1
86125,0.01,14,1200,960,33,2,0,1.5,6,hot water/steam,gas,public/commercial,No,No,No,0
227000,0.84,25,207700,2132,57,3,2,2.5,7,hot air,gas,public/commercial,No,No,Yes,1
312500,0.46,16,36400,1902,64,4,1,2.5,6,hot air,gas,public/commercial,No,No,Yes,1
230000,0.47,41,27800,1910,63,3,1,2.5,5,hot water/steam,gas,public/commercial,No,No,No,1
86000,0.45,19,14000,1055,57,2,1,1,7,hot air,gas,septic,No,No,No,1
118000,0.36,21,40000,1392,57,3,0,1.5,7,hot air,gas,septic,No,No,No,0
259000,0.05,15,16800,1915,40,4,1,2.5,10,hot air,gas,public/commercial,No,No,No,1
290000,0.66,15,31200,2305,51,4,1,2.5,11,hot air,gas,septic,No,No,Yes,1
77500,0.16,19,15700,912,52,2,0,1.5,6,electric,electric,public/commercial,No,No,No,0
187500,0.43,29,31400,2662,64,5,1,2.5,9,hot air,gas,public/commercial,No,No,Yes,1
249000,0.43,41,45800,2426,61,4,2,2,7,hot water/steam,gas,public/commercial,No,No,No,1
120000,0.21,15,28800,1180,64,2,1,1.5,3,hot air,gas,public/commercial,No,No,Yes,1
88000,0.16,19,15700,988,54,2,0,2,4,electric,electric,public/commercial,No,No,No,0
255000,1,49,69600,1994,60,3,1,2,9,hot air,oil,septic,No,No,No,1
178000,0.14,17,19600,1180,63,2,0,1.5,6,hot air,gas,public/commercial,No,No,Yes,0
90000,0.83,36,22200,1632,51,3,0,1.5,8,electric,electric,septic,No,No,No,0
289000,0.38,32,24200,2310,61,5,1,2.5,11,hot water/steam,gas,public/commercial,No,No,No,1
165835,0.39,38,29600,1794,64,4,1,1.5,10,hot air,gas,septic,No,No,No,1
131000,0.34,33,55400,1404,57,3,0,1,6,hot air,gas,public/commercial,No,No,No,0
149350,0.44,47,4000,1056,36,3,0,1,6,hot air,gas,septic,No,No,Yes,0
172750,0.36,1,37100,1747,64,3,0,2.5,5,hot air,gas,public/commercial,No,Yes,No,0
107400,0.16,16,15700,912,52,2,1,1.5,7,electric,electric,public/commercial,No,No,No,1
115000,0.06,14,1600,1480,52,3,1,1.5,6,hot air,gas,public/commercial,No,No,No,1
299900,0.46,18,60500,2497,64,3,1,2.5,9,hot air,gas,public/commercial,No,No,Yes,1
208000,0.47,53,23700,1548,52,3,0,1.5,8,hot water/steam,oil,septic,No,No,No,0
210500,0.28,22,32000,1792,64,3,1,1.5,5,electric,electric,public/commercial,No,No,No,1
234000,0.31,32,25100,2014,63,3,1,1.5,7,hot air,gas,public/commercial,No,No,No,1
355465,0.35,0,233000,3328,63,4,1,2.5,12,hot air,gas,public/commercial,No,Yes,Yes,1
278000,0.64,33,26500,2625,64,4,1,2.5,10,hot water/steam,gas,public/commercial,No,No,No,1
142900,0.33,32,22500,1898,64,3,1,1.5,7,hot water/steam,gas,public/commercial,No,No,No,1
274900,0.5,5,4000,2320,54,4,0,2.5,9,hot air,gas,public/commercial,No,No,No,0
153000,0.4,33,23300,2752,51,4,1,1.5,8,hot water/steam,oil,septic,No,No,No,1
311000,0.54,10,30000,2120,40,3,0,2.5,7,hot air,gas,public/commercial,No,No,Yes,0
310000,0.41,4,37600,2672,63,4,1,3.5,8,hot air,electric,public/commercial,No,No,Yes,1
170000,0.35,20,27000,1748,54,2,0,2,6,electric,electric,public/commercial,No,No,No,0
381500,0.15,2,114000,2162,57,3,1,2.5,9,hot air,gas,public/commercial,No,No,Yes,1
275055,0.46,1,108900,2745,40,4,1,3,8,hot air,gas,public/commercial,No,Yes,Yes,1
175000,0.26,16,30100,1596,64,3,1,2,6,hot air,gas,public/commercial,No,No,Yes,1
165000,0.38,48,21300,1272,60,4,1,1.5,5,hot air,gas,septic,No,No,No,1
95000,0.15,19,15700,912,54,2,0,1.5,6,electric,electric,public/commercial,No,No,No,0
92200,0.42,130,1700,1736,33,3,0,2,5,hot water/steam,oil,public/commercial,No,No,No,0
191500,0.46,30,27400,2310,64,5,1,2.5,12,hot air,gas,public/commercial,No,No,No,1
259142,0.5,0,74800,2328,57,4,1,2.5,10,hot air,gas,public/commercial,No,Yes,Yes,1
279000,0.55,14,25300,3178,57,4,1,3.5,12,hot air,gas,public/commercial,No,No,Yes,1
133500,0.08,19,17200,1480,63,3,1,1.5,5,hot air,gas,public/commercial,No,No,Yes,1
133000,0.07,16,20300,1392,64,2,1,1.5,5,electric,electric,public/commercial,No,No,Yes,1
168000,0.35,27,7900,1836,54,3,0,2,5,hot water/steam,gas,septic,No,No,Yes,0
159000,0.14,20,18400,1480,64,3,0,1.5,8,electric,electric,public/commercial,No,No,No,0
315000,0.6,20,71000,2702,64,4,3,2.5,10,hot air,gas,public/commercial,No,No,Yes,1
112000,0.21,129,7300,1216,54,3,0,1,7,hot water/steam,gas,public/commercial,No,No,No,0
250000,0.48,15,19200,2072,62,3,0,2.5,5,hot air,gas,septic,No,No,Yes,0
225000,0.24,18,29500,1596,64,3,1,2,4,hot air,gas,public/commercial,No,No,Yes,1
250000,0.4,25,27000,2243,40,3,1,2.5,6,hot air,electric,public/commercial,No,No,Yes,1
105000,0.16,17,15700,912,52,2,1,1.5,5,electric,electric,public/commercial,No,No,No,1
146000,0.48,2,3000,1827,44,3,0,2.5,9,hot air,gas,septic,No,No,No,0
89900,0.49,83,11900,1196,45,3,0,1,6,hot air,gas,septic,No,No,No,0
122500,0.23,18,19300,924,63,2,1,1,7,electric,electric,public/commercial,No,No,No,1
185000,1,13,13700,2340,27,3,0,1.5,8,electric,electric,septic,No,No,No,0
214325,0.42,0,13000,2554,64,4,1,2.5,9,hot air,gas,public/commercial,No,Yes,Yes,1
430000,0.34,5,82400,2328,57,3,1,2.5,7,hot air,gas,public/commercial,No,No,Yes,1
221450,0.36,121,33000,2699,61,6,1,1,12,hot air,oil,septic,No,No,No,1
120000,0.01,16,9900,1217,63,2,0,2.5,6,electric,electric,public/commercial,No,No,Yes,0
128900,0.14,7,7200,1200,36,3,0,1,8,hot air,gas,public/commercial,No,No,No,0
133300,0.34,118,6200,1060,41,4,0,1,8,hot water/steam,gas,public/commercial,No,No,No,0
109900,0.09,16,17600,1326,64,2,1,1.5,4,hot air,gas,public/commercial,No,No,Yes,1
169900,0.49,36,27800,1623,63,3,1,1.5,8,hot air,gas,public/commercial,No,No,Yes,1
148000,0.06,18,45800,1250,57,2,0,1.5,5,hot air,gas,public/commercial,No,No,Yes,0
225000,0.46,35,62600,1600,62,4,0,2,6,hot air,gas,public/commercial,No,No,Yes,0
470000,0.17,135,99000,2096,57,3,2,2.5,8,hot air,gas,public/commercial,No,No,No,1
225000,0.48,27,57800,2208,57,4,2,2.5,11,hot air,gas,public/commercial,No,No,Yes,1
246500,1,0,17100,2714,71,4,1,2.5,9,hot air,gas,none,No,No,No,1
89900,0.19,19,13300,1080,64,3,0,1.5,7,electric,electric,public/commercial,No,No,No,0
400000,0.24,4,75400,2022,62,3,1,2.5,7,hot air,gas,public/commercial,No,No,Yes,1
240000,0.15,103,210000,1457,57,2,0,1.5,7,hot water/steam,gas,public/commercial,No,No,No,0
284595,0.32,1,108900,2627,40,4,1,3,10,hot air,gas,public/commercial,No,Yes,No,1
179000,0.34,24,27000,2102,54,3,1,2.5,9,hot air,gas,public/commercial,No,No,No,1
339900,0.57,10,54600,2344,63,3,0,2.5,10,hot air,gas,public/commercial,No,No,Yes,0
347750,0.15,1,36000,2200,62,3,1,2.5,8,hot air,gas,public/commercial,No,No,Yes,1
281520,0.56,34,30800,2310,64,5,1,3,8,hot water/steam,gas,public/commercial,No,No,Yes,1
138000,0.27,54,8900,1500,71,3,0,2.5,7,hot water/steam,gas,septic,No,No,No,0
126000,0.85,28,3900,896,36,2,0,1,4,hot air,oil,septic,No,No,No,0
145000,0.15,17,15100,1385,54,3,0,1.5,7,electric,electric,public/commercial,No,No,No,0
265000,1,25,21700,1900,54,3,0,2,8,electric,electric,septic,No,No,No,0
128000,0.17,21,15800,908,40,2,0,1,3,electric,electric,public/commercial,No,No,No,0
117900,0.15,17,15100,1385,52,2,1,1.5,7,hot air,gas,public/commercial,No,No,Yes,1
445000,0.58,0,17400,3157,63,4,1,3.5,10,hot air,gas,public/commercial,No,No,Yes,1
161000,0.59,37,4400,1056,36,3,0,1,6,hot air,gas,septic,No,No,No,0
190000,0.59,15,25000,1300,54,3,1,1.5,5,hot air,gas,septic,No,No,Yes,1
176500,0.37,55,4600,1380,36,3,1,1.5,6,hot water/steam,oil,septic,No,No,Yes,1
72000,0.18,121,7300,1010,36,3,0,1,7,hot air,gas,public/commercial,No,No,No,0
162500,0.34,154,11900,1600,54,4,0,1,7,hot air,oil,public/commercial,No,No,No,0
135000,0.01,19,9900,1281,64,2,0,2.5,3,electric,electric,public/commercial,No,No,Yes,0
108000,0.16,19,15100,1032,52,2,0,1.5,4,electric,electric,public/commercial,No,No,No,0
215000,0.89,46,4500,2722,50,4,1,1.5,11,hot air,oil,septic,No,No,Yes,1
260000,0.33,7,26000,2000,64,4,0,2.5,7,hot air,gas,public/commercial,No,No,No,0
225000,0.62,37,32600,2521,64,5,1,2.5,12,hot water/steam,gas,public/commercial,No,No,No,1
120000,2.6,10,20200,2206,57,3,1,2.5,7,hot air,oil,septic,No,No,No,1
238000,0.71,35,35100,2310,63,4,1,2.5,7,hot water/steam,gas,public/commercial,No,No,No,1
265000,0.43,40,26200,1664,61,3,1,2,4,hot water/steam,gas,public/commercial,No,No,Yes,1
175000,0.3,32,53000,1664,62,3,0,1,7,hot air,gas,public/commercial,No,No,No,0
234000,0.57,8,31100,1888,63,3,1,2.5,7,hot air,gas,public/commercial,No,No,No,1
208000,0.45,39,5500,1703,38,3,0,2,6,hot water/steam,gas,septic,No,No,No,0
336000,0.15,1,61000,2592,57,3,0,3,10,hot air,gas,public/commercial,No,No,Yes,0
141700,0.15,18,15100,1202,40,2,0,1.5,4,electric,electric,public/commercial,No,No,No,0
187000,1,25,98500,1600,57,3,1,1.5,7,hot air,gas,septic,No,No,Yes,1
139050,0.21,125,7300,1879,52,3,0,2.5,6,hot air,gas,public/commercial,No,No,No,0
655000,0.19,55,103000,780,62,2,0,1.5,6,hot air,gas,public/commercial,No,No,No,0
265000,0.67,40,34100,2310,64,5,1,2.5,10,hot water/steam,gas,public/commercial,No,No,No,1
319900,0.34,3,11900,1963,64,4,1,2.5,8,hot air,gas,public/commercial,No,No,No,1
185000,0.45,16,25000,1173,40,3,1,1,5,hot air,gas,septic,No,No,No,1
149000,0.16,19,15100,1080,54,2,1,1,5,electric,electric,septic,No,No,No,1
518000,0.17,144,99000,2847,57,3,1,1.5,7,hot water/steam,gas,public/commercial,No,No,No,1
73000,0.28,102,22400,908,60,2,1,1,7,hot water/steam,oil,septic,No,No,No,1
144500,0.12,15,16800,1343,64,2,1,2.5,4,hot air,gas,public/commercial,No,No,Yes,1
300279,0.54,1,108900,2762,40,4,1,3,9,hot air,gas,septic,No,Yes,No,1
215000,5.65,53,69400,1948,64,2,1,1.5,5,hot air,oil,public/commercial,No,No,Yes,1
255000,0.91,105,13200,1927,62,3,0,1.5,7,hot air,oil,septic,No,No,No,0
351100,0.46,3,16100,2535,64,4,1,2.5,10,hot air,gas,public/commercial,No,No,No,1
90400,0.36,16,5200,1600,39,3,0,1.5,4,electric,electric,public/commercial,No,No,No,0
119000,0.15,65,2500,1152,38,2,0,1.5,4,hot air,gas,public/commercial,No,No,No,0
205000,0.42,32,29400,1914,63,3,1,1.5,5,hot air,gas,public/commercial,No,No,No,1
175000,0.17,39,55800,1040,62,5,0,1.5,6,hot air,gas,public/commercial,No,No,No,0
145400,0.13,22,18300,945,61,2,0,1,5,hot air,gas,public/commercial,No,No,No,0
127000,0.06,18,16400,1479,64,3,0,1.5,7,hot air,gas,public/commercial,No,No,No,0
170000,0.16,33,54900,1564,62,3,0,2,7,hot air,gas,public/commercial,No,No,Yes,0
175000,0.46,29,27400,1874,64,4,1,2.5,7,hot water/steam,gas,public/commercial,No,No,No,1
247000,0.34,40,39000,1783,64,4,1,2.5,10,hot air,gas,public/commercial,No,No,No,1
345264,0.88,1,108900,3020,40,4,1,3,11,hot air,gas,public/commercial,No,Yes,Yes,1
181500,0.56,27,30800,1887,64,4,1,2.5,8,hot water/steam,gas,public/commercial,No,No,No,1
139000,0.57,30,7500,1064,52,3,1,1,5,hot air,oil,septic,No,No,No,1
235000,0.74,10,35700,1752,64,3,1,2.5,7,hot air,gas,public/commercial,No,No,No,1
221000,0.23,11,7700,1470,40,3,1,2.5,8,hot air,gas,public/commercial,No,No,No,1
195000,0.41,15,18700,1944,35,3,1,1.5,7,hot air,gas,septic,No,No,No,1
349900,0.44,0,13000,2886,63,4,1,3,12,hot air,gas,public/commercial,No,Yes,No,1
220000,1,43,22900,672,57,2,0,1,5,hot air,oil,septic,No,No,No,0
155000,0.48,25,14400,1638,57,4,0,2,5,hot air,oil,septic,No,No,No,0
87500,0.88,17,19400,1092,35,3,0,1,6,hot air,oil,septic,No,No,No,0
169000,0.17,19,37600,1448,57,2,0,1.5,5,hot air,gas,public/commercial,No,No,No,0
185000,0.48,32,33600,1196,63,3,0,1.5,5,hot air,gas,public/commercial,No,No,No,0
262000,0.29,5,29000,2549,64,4,1,2.5,12,hot air,gas,public/commercial,No,No,Yes,1
370000,0.46,1,36600,3125,63,4,1,2.5,12,hot air,gas,public/commercial,No,Yes,Yes,1
214990,0.32,17,27000,1508,40,3,1,1.5,6,hot water/steam,gas,public/commercial,No,No,No,1
235900,0.59,33,26400,1573,64,4,1,2.5,6,hot water/steam,gas,public/commercial,No,No,No,1
170000,0.28,29,80800,1604,57,4,0,1.5,6,hot air,gas,public/commercial,No,No,Yes,0
350000,0.66,23,72200,2184,61,3,1,2.5,9,hot air,gas,public/commercial,No,No,Yes,1
80500,0.01,14,1200,960,33,2,0,1.5,3,hot water/steam,gas,public/commercial,No,No,No,0
225000,0.32,0,53900,2129,64,4,1,2.5,9,hot air,gas,public/commercial,No,Yes,Yes,1
